{
    "best_inst": {
        "typ": "heterogeneous",
        "sub_instance": {
            "types": [
                "C",
                "C",
                "M",
                "I",
                "C",
                "C",
                "C",
                "C",
                "C",
                "C",
                "C",
                "C",
                "C",
                "C",
                "C",
                "I",
                "M",
                "I",
                "C",
                "C",
                "C",
                "C",
                "C",
                "C",
                "C",
                "C",
                "C",
                "C",
                "M",
                "M",
                "C",
                "I",
                "C",
                "C",
                "C",
                "C",
                "C",
                "C",
                "C",
                "C"
            ],
            "rotations": [
                0,
                0,
                180,
                270,
                0,
                0,
                0,
                0,
                0,
                0,
                0,
                0,
                0,
                0,
                0,
                180,
                0,
                0,
                0,
                0,
                0,
                0,
                0,
                0,
                0,
                0,
                0,
                0,
                180,
                90,
                0,
                0,
                0,
                0,
                0,
                0,
                0,
                0,
                0,
                0
            ],
            "cost": 8.317266960311043,
            "eval": {
                "c2c_lat": 142.06653225806454,
                "c2c_tp": 0.1170892553478586,
                "c2m_lat": 149.6875,
                "c2m_tp": 0.03125,
                "c2i_lat": 151.875,
                "c2i_tp": 0.03125,
                "m2i_lat": 154.0625,
                "m2i_tp": 1.0,
                "area": 462
            }
        }
    },
    "updates": [
        [
            24.182724204001715,
            8.909766465185573
        ],
        [
            76.68018112401478,
            8.879670526872035
        ],
        [
            122.7356900020095,
            8.875324256206204
        ],
        [
            122.7356900020095,
            8.864472148124985
        ],
        [
            146.24108798900852,
            8.832463341943276
        ],
        [
            165.9085769750236,
            8.830007206742934
        ],
        [
            198.60819870402338,
            8.811394882551255
        ],
        [
            209.82762382100918,
            8.759497405879364
        ],
        [
            220.41242398502072,
            8.750054298054618
        ],
        [
            297.43309756202507,
            8.747109931227198
        ],
        [
            308.4311515040172,
            8.70930807077141
        ],
        [
            383.4214594280056,
            8.708519212596627
        ],
        [
            393.9385384140187,
            8.63300008175548
        ],
        [
            393.9385384140187,
            8.622009022246708
        ],
        [
            428.7870189870009,
            8.492551672606348
        ],
        [
            498.4010131890245,
            8.492465087934598
        ],
        [
            498.4010131890245,
            8.444187443967532
        ],
        [
            527.8921450519993,
            8.43699161813601
        ],
        [
            538.9091766040074,
            8.436680342728916
        ],
        [
            587.1221785200178,
            8.389854344441872
        ],
        [
            608.3165655850025,
            8.358162152474954
        ],
        [
            2969.5941022990155,
            8.330025005710507
        ],
        [
            3154.9651260190003,
            8.317266960311043
        ]
    ],
    "parameters": {
        "algorithms": [
            "bl",
            "br",
            "ga",
            "sa"
        ],
        "representation": "heterogeneous",
        "time_budget": 3600,
        "repetitions": 10,
        "norm_samples": 500,
        "mutation_mode": "any-one",
        "n_compute": 32,
        "n_memory": 4,
        "n_io": 4,
        "dimensions": {
            "C": [
                3,
                3
            ],
            "M": [
                4,
                5
            ],
            "I": [
                3,
                4
            ]
        },
        "phys": {
            "C": [
                {
                    "pos": [
                        0.2,
                        1.5
                    ]
                },
                {
                    "pos": [
                        2.8,
                        1.5
                    ]
                },
                {
                    "pos": [
                        1.5,
                        0.2
                    ]
                },
                {
                    "pos": [
                        1.5,
                        2.8
                    ]
                }
            ],
            "M": [
                {
                    "pos": [
                        0.2,
                        2.5
                    ]
                }
            ],
            "I": [
                {
                    "pos": [
                        0.2,
                        2.0
                    ]
                }
            ]
        },
        "relay_chiplets": [
            "C"
        ],
        "dist_type": "euclidean",
        "max_length": 3,
        "L_relay": 10,
        "L_phy": 12,
        "L_link": 1,
        "debug_info": false,
        "debug_frac_sa": 0.05,
        "debug_frac_ga": 0.5,
        "cf_weights": {
            "c2c_lat": 0.1,
            "c2c_tp": 0.1,
            "c2m_lat": 2,
            "c2m_tp": 2,
            "c2i_lat": 0.1,
            "c2i_tp": 0.1,
            "m2i_lat": 2,
            "m2i_tp": 2,
            "area": 2
        },
        "mutation_bias": 0.5,
        "sa_cooling": "lin-mult",
        "sa_adaptive": true,
        "sa_T0": 33,
        "sa_L": 50,
        "sa_a": 1,
        "sa_b": 5,
        "ga_P": 30,
        "ga_E": 6,
        "ga_T": 6,
        "ga_pm": 0.5,
        "ga_sel_fun": "tournament",
        "eval_traces": [
            "lngrex",
            "blackscholes_64c_simsmall",
            "fluidanimate_64c_simsmall"
        ],
        "experiment": "32cores_hetero",
        "rotation_behaviour": {
            "C": "invariant",
            "M": "sensitive",
            "I": "sensitive"
        },
        "cf_normalizers": {
            "c2c_lat": 156.95183467741944,
            "c2c_tp": 0.10622304756184418,
            "c2m_lat": 196.08984375,
            "c2m_tp": 0.028109647799405255,
            "c2i_lat": 193.9296875,
            "c2i_tp": 0.02811413359551656,
            "m2i_lat": 243.378125,
            "m2i_tp": 0.7811919191919191,
            "area": 509.486
        }
    },
    "n_epochs": 369
}