{
    "best_inst": {
        "typ": "heterogeneous",
        "sub_instance": {
            "types": [
                "C",
                "C",
                "C",
                "M",
                "C",
                "I",
                "C",
                "C",
                "C",
                "M",
                "C",
                "C",
                "C",
                "C",
                "C",
                "C",
                "C",
                "C",
                "C",
                "M",
                "M",
                "C",
                "I",
                "I",
                "C",
                "C",
                "I",
                "C",
                "C",
                "C",
                "C",
                "C",
                "C",
                "C",
                "C",
                "C",
                "C",
                "C",
                "C",
                "C"
            ],
            "rotations": [
                0,
                0,
                0,
                270,
                0,
                180,
                0,
                0,
                0,
                90,
                0,
                0,
                0,
                0,
                0,
                0,
                0,
                0,
                0,
                90,
                0,
                0,
                0,
                0,
                0,
                0,
                0,
                0,
                0,
                0,
                0,
                0,
                0,
                0,
                0,
                0,
                0,
                0,
                0,
                0
            ],
            "cost": 8.317609738817922,
            "eval": {
                "c2c_lat": 151.59274193548387,
                "c2c_tp": 0.1009921032041513,
                "c2m_lat": 160.8984375,
                "c2m_tp": 0.03125,
                "c2i_lat": 155.4296875,
                "c2i_tp": 0.03125,
                "m2i_lat": 147.5,
                "m2i_tp": 1.0,
                "area": 441
            }
        }
    },
    "updates": [
        [
            0.1829932410037145,
            10.474568239874335
        ],
        [
            0.8557377709657885,
            9.510571680763992
        ],
        [
            4.015777822001837,
            9.46565605659758
        ],
        [
            4.203220536990557,
            9.157569284720745
        ],
        [
            8.056231922004372,
            9.150416015735777
        ],
        [
            12.51209466700675,
            9.106024765739555
        ],
        [
            23.445718745992053,
            8.963080449423373
        ],
        [
            23.815752833965234,
            8.95616752516529
        ],
        [
            46.72424971300643,
            8.902565566673946
        ],
        [
            158.51381303399103,
            8.784033096934108
        ],
        [
            560.749985797971,
            8.735041901452686
        ],
        [
            703.6416642709519,
            8.694140557732062
        ],
        [
            703.8297892260016,
            8.618006037339597
        ],
        [
            870.5499925789773,
            8.59071485782956
        ],
        [
            956.040543982992,
            8.561106746517547
        ],
        [
            1313.6962659399724,
            8.534490411974978
        ],
        [
            1607.5457768509514,
            8.41346808852668
        ],
        [
            2287.294449210982,
            8.396950985360771
        ],
        [
            2597.371090564993,
            8.393321264407179
        ],
        [
            2613.6132024349645,
            8.317609738817922
        ]
    ],
    "parameters": {
        "algorithms": [
            "bl",
            "br",
            "ga",
            "sa"
        ],
        "representation": "heterogeneous",
        "time_budget": 3600,
        "repetitions": 10,
        "norm_samples": 500,
        "mutation_mode": "any-one",
        "n_compute": 32,
        "n_memory": 4,
        "n_io": 4,
        "dimensions": {
            "C": [
                3,
                3
            ],
            "M": [
                4,
                5
            ],
            "I": [
                3,
                4
            ]
        },
        "phys": {
            "C": [
                {
                    "pos": [
                        0.2,
                        1.5
                    ]
                },
                {
                    "pos": [
                        2.8,
                        1.5
                    ]
                },
                {
                    "pos": [
                        1.5,
                        0.2
                    ]
                },
                {
                    "pos": [
                        1.5,
                        2.8
                    ]
                }
            ],
            "M": [
                {
                    "pos": [
                        0.2,
                        2.5
                    ]
                }
            ],
            "I": [
                {
                    "pos": [
                        0.2,
                        2.0
                    ]
                }
            ]
        },
        "relay_chiplets": [
            "C"
        ],
        "dist_type": "euclidean",
        "max_length": 3,
        "L_relay": 10,
        "L_phy": 12,
        "L_link": 1,
        "debug_info": false,
        "debug_frac_sa": 0.05,
        "debug_frac_ga": 0.5,
        "cf_weights": {
            "c2c_lat": 0.1,
            "c2c_tp": 0.1,
            "c2m_lat": 2,
            "c2m_tp": 2,
            "c2i_lat": 0.1,
            "c2i_tp": 0.1,
            "m2i_lat": 2,
            "m2i_tp": 2,
            "area": 2
        },
        "mutation_bias": 0.5,
        "sa_cooling": "lin-mult",
        "sa_adaptive": true,
        "sa_T0": 33,
        "sa_L": 50,
        "sa_a": 1,
        "sa_b": 5,
        "ga_P": 30,
        "ga_E": 6,
        "ga_T": 6,
        "ga_pm": 0.5,
        "ga_sel_fun": "tournament",
        "eval_traces": [
            "lngrex",
            "blackscholes_64c_simsmall",
            "fluidanimate_64c_simsmall"
        ],
        "experiment": "32cores_hetero",
        "rotation_behaviour": {
            "C": "invariant",
            "M": "sensitive",
            "I": "sensitive"
        },
        "cf_normalizers": {
            "c2c_lat": 156.95183467741944,
            "c2c_tp": 0.10622304756184418,
            "c2m_lat": 196.08984375,
            "c2m_tp": 0.028109647799405255,
            "c2i_lat": 193.9296875,
            "c2i_tp": 0.02811413359551656,
            "m2i_lat": 243.378125,
            "m2i_tp": 0.7811919191919191,
            "area": 509.486
        }
    },
    "n_iterations": 14239
}