{
    "best_inst": {
        "typ": "heterogeneous",
        "sub_instance": {
            "types": [
                "C",
                "C",
                "M",
                "C",
                "C",
                "C",
                "C",
                "C",
                "C",
                "C",
                "I",
                "M",
                "C",
                "C",
                "C",
                "C",
                "C",
                "C",
                "C",
                "C",
                "C",
                "C",
                "I",
                "C",
                "C",
                "I",
                "C",
                "C",
                "M",
                "I",
                "M",
                "C",
                "C",
                "C",
                "C",
                "C",
                "C",
                "C",
                "C",
                "C"
            ],
            "rotations": [
                0,
                0,
                180,
                0,
                0,
                0,
                0,
                0,
                0,
                0,
                270,
                180,
                0,
                0,
                0,
                0,
                0,
                0,
                0,
                0,
                0,
                0,
                180,
                0,
                0,
                180,
                0,
                0,
                270,
                270,
                0,
                0,
                0,
                0,
                0,
                0,
                0,
                0,
                0,
                0
            ],
            "cost": 8.311979719570076,
            "eval": {
                "c2c_lat": 135.01008064516128,
                "c2c_tp": 0.12093475320547384,
                "c2m_lat": 152.421875,
                "c2m_tp": 0.03076171875,
                "c2i_lat": 151.0546875,
                "c2i_tp": 0.03125,
                "m2i_lat": 147.5,
                "m2i_tp": 1.0,
                "area": 462
            }
        }
    },
    "updates": [
        [
            24.73584816098446,
            9.03541008473707
        ],
        [
            37.83668905496597,
            8.888611267235623
        ],
        [
            62.27860325895017,
            8.781519856572947
        ],
        [
            75.88340895395959,
            8.716672030545254
        ],
        [
            190.79816384695005,
            8.685951434589498
        ],
        [
            190.79816384695005,
            8.676808327217614
        ],
        [
            202.91958555195015,
            8.521873685582072
        ],
        [
            227.4514336019638,
            8.48087255096908
        ],
        [
            303.52406789397355,
            8.479599287717576
        ],
        [
            347.6369371259934,
            8.47861657868531
        ],
        [
            368.42174050898757,
            8.474642548682947
        ],
        [
            378.6562636249582,
            8.438329234176857
        ],
        [
            548.0407907799818,
            8.400917594841385
        ],
        [
            589.9465243269806,
            8.39088763662419
        ],
        [
            737.2318459439557,
            8.389321566337351
        ],
        [
            830.7766379769892,
            8.372086407927387
        ],
        [
            915.3554608039558,
            8.35876201224713
        ],
        [
            1239.4220546899596,
            8.311979719570076
        ]
    ],
    "parameters": {
        "algorithms": [
            "bl",
            "br",
            "ga",
            "sa"
        ],
        "representation": "heterogeneous",
        "time_budget": 3600,
        "repetitions": 10,
        "norm_samples": 500,
        "mutation_mode": "any-one",
        "n_compute": 32,
        "n_memory": 4,
        "n_io": 4,
        "dimensions": {
            "C": [
                3,
                3
            ],
            "M": [
                4,
                5
            ],
            "I": [
                3,
                4
            ]
        },
        "phys": {
            "C": [
                {
                    "pos": [
                        0.2,
                        1.5
                    ]
                },
                {
                    "pos": [
                        2.8,
                        1.5
                    ]
                },
                {
                    "pos": [
                        1.5,
                        0.2
                    ]
                },
                {
                    "pos": [
                        1.5,
                        2.8
                    ]
                }
            ],
            "M": [
                {
                    "pos": [
                        0.2,
                        2.5
                    ]
                }
            ],
            "I": [
                {
                    "pos": [
                        0.2,
                        2.0
                    ]
                }
            ]
        },
        "relay_chiplets": [
            "C"
        ],
        "dist_type": "euclidean",
        "max_length": 3,
        "L_relay": 10,
        "L_phy": 12,
        "L_link": 1,
        "debug_info": false,
        "debug_frac_sa": 0.05,
        "debug_frac_ga": 0.5,
        "cf_weights": {
            "c2c_lat": 0.1,
            "c2c_tp": 0.1,
            "c2m_lat": 2,
            "c2m_tp": 2,
            "c2i_lat": 0.1,
            "c2i_tp": 0.1,
            "m2i_lat": 2,
            "m2i_tp": 2,
            "area": 2
        },
        "mutation_bias": 0.5,
        "sa_cooling": "lin-mult",
        "sa_adaptive": true,
        "sa_T0": 33,
        "sa_L": 50,
        "sa_a": 1,
        "sa_b": 5,
        "ga_P": 30,
        "ga_E": 6,
        "ga_T": 6,
        "ga_pm": 0.5,
        "ga_sel_fun": "tournament",
        "eval_traces": [
            "lngrex",
            "blackscholes_64c_simsmall",
            "fluidanimate_64c_simsmall"
        ],
        "experiment": "32cores_hetero",
        "rotation_behaviour": {
            "C": "invariant",
            "M": "sensitive",
            "I": "sensitive"
        },
        "cf_normalizers": {
            "c2c_lat": 156.95183467741944,
            "c2c_tp": 0.10622304756184418,
            "c2m_lat": 196.08984375,
            "c2m_tp": 0.028109647799405255,
            "c2i_lat": 193.9296875,
            "c2i_tp": 0.02811413359551656,
            "m2i_lat": 243.378125,
            "m2i_tp": 0.7811919191919191,
            "area": 509.486
        }
    },
    "n_epochs": 368
}