{
    "best_inst": {
        "typ": "heterogeneous",
        "sub_instance": {
            "types": [
                "M",
                "C",
                "C",
                "I",
                "C",
                "C",
                "C",
                "C",
                "C",
                "C",
                "I",
                "C",
                "C",
                "C",
                "C",
                "C",
                "C",
                "C",
                "C",
                "C",
                "C",
                "C",
                "C",
                "C",
                "C",
                "C",
                "M",
                "C",
                "I",
                "C",
                "I",
                "M",
                "M",
                "C",
                "C",
                "C",
                "C",
                "C",
                "C",
                "C"
            ],
            "rotations": [
                270,
                0,
                0,
                0,
                0,
                0,
                0,
                0,
                0,
                0,
                0,
                0,
                0,
                0,
                0,
                0,
                0,
                0,
                0,
                0,
                0,
                0,
                0,
                0,
                0,
                0,
                0,
                0,
                0,
                0,
                180,
                0,
                0,
                0,
                0,
                0,
                0,
                0,
                0,
                0
            ],
            "cost": 8.397582645642835,
            "eval": {
                "c2c_lat": 131.12903225806454,
                "c2c_tp": 0.13001323976201207,
                "c2m_lat": 156.25,
                "c2m_tp": 0.03125,
                "c2i_lat": 159.53125,
                "c2i_tp": 0.03125,
                "m2i_lat": 167.1875,
                "m2i_tp": 1.0,
                "area": 441
            }
        }
    },
    "updates": [
        [
            23.615790224983357,
            9.2600885611526
        ],
        [
            23.615790224983357,
            9.127175725086573
        ],
        [
            23.615790224983357,
            9.054813254261154
        ],
        [
            36.53877431899309,
            9.052955705006548
        ],
        [
            62.55684071400901,
            9.009542160418068
        ],
        [
            62.55684071400901,
            8.799834245688992
        ],
        [
            62.55684071400901,
            8.796888815862966
        ],
        [
            125.16283946399926,
            8.535974078157729
        ],
        [
            205.19360679900274,
            8.489831100205304
        ],
        [
            333.9637520649994,
            8.477128548844275
        ],
        [
            421.0717588250118,
            8.432897683495295
        ],
        [
            433.0265841979999,
            8.431830351186479
        ],
        [
            483.1521392579889,
            8.397624891096012
        ],
        [
            550.7965454880032,
            8.397582645642835
        ]
    ],
    "parameters": {
        "algorithms": [
            "bl",
            "br",
            "ga",
            "sa"
        ],
        "representation": "heterogeneous",
        "time_budget": 3600,
        "repetitions": 10,
        "norm_samples": 500,
        "mutation_mode": "any-one",
        "n_compute": 32,
        "n_memory": 4,
        "n_io": 4,
        "dimensions": {
            "C": [
                3,
                3
            ],
            "M": [
                4,
                5
            ],
            "I": [
                3,
                4
            ]
        },
        "phys": {
            "C": [
                {
                    "pos": [
                        0.2,
                        1.5
                    ]
                },
                {
                    "pos": [
                        2.8,
                        1.5
                    ]
                },
                {
                    "pos": [
                        1.5,
                        0.2
                    ]
                },
                {
                    "pos": [
                        1.5,
                        2.8
                    ]
                }
            ],
            "M": [
                {
                    "pos": [
                        0.2,
                        2.5
                    ]
                }
            ],
            "I": [
                {
                    "pos": [
                        0.2,
                        2.0
                    ]
                }
            ]
        },
        "relay_chiplets": [
            "C"
        ],
        "dist_type": "euclidean",
        "max_length": 3,
        "L_relay": 10,
        "L_phy": 12,
        "L_link": 1,
        "debug_info": false,
        "debug_frac_sa": 0.05,
        "debug_frac_ga": 0.5,
        "cf_weights": {
            "c2c_lat": 0.1,
            "c2c_tp": 0.1,
            "c2m_lat": 2,
            "c2m_tp": 2,
            "c2i_lat": 0.1,
            "c2i_tp": 0.1,
            "m2i_lat": 2,
            "m2i_tp": 2,
            "area": 2
        },
        "mutation_bias": 0.5,
        "sa_cooling": "lin-mult",
        "sa_adaptive": true,
        "sa_T0": 33,
        "sa_L": 50,
        "sa_a": 1,
        "sa_b": 5,
        "ga_P": 30,
        "ga_E": 6,
        "ga_T": 6,
        "ga_pm": 0.5,
        "ga_sel_fun": "tournament",
        "eval_traces": [
            "lngrex",
            "blackscholes_64c_simsmall",
            "fluidanimate_64c_simsmall"
        ],
        "experiment": "32cores_hetero",
        "rotation_behaviour": {
            "C": "invariant",
            "M": "sensitive",
            "I": "sensitive"
        },
        "cf_normalizers": {
            "c2c_lat": 156.95183467741944,
            "c2c_tp": 0.10622304756184418,
            "c2m_lat": 196.08984375,
            "c2m_tp": 0.028109647799405255,
            "c2i_lat": 193.9296875,
            "c2i_tp": 0.02811413359551656,
            "m2i_lat": 243.378125,
            "m2i_tp": 0.7811919191919191,
            "area": 509.486
        }
    },
    "n_epochs": 246
}