{
    "best_inst": {
        "typ": "heterogeneous",
        "sub_instance": {
            "types": [
                "C",
                "C",
                "C",
                "C",
                "C",
                "M",
                "I",
                "C",
                "C",
                "C",
                "M",
                "C",
                "C",
                "C",
                "I",
                "C",
                "C",
                "C",
                "C",
                "C",
                "C",
                "C",
                "C",
                "C",
                "C",
                "C",
                "C",
                "C",
                "M",
                "M",
                "C",
                "C",
                "I",
                "I",
                "C",
                "C",
                "C",
                "C",
                "C",
                "C"
            ],
            "rotations": [
                0,
                0,
                0,
                0,
                0,
                270,
                270,
                0,
                0,
                0,
                180,
                0,
                0,
                0,
                180,
                0,
                0,
                0,
                0,
                0,
                0,
                0,
                0,
                0,
                0,
                0,
                0,
                0,
                0,
                90,
                0,
                0,
                0,
                270,
                0,
                0,
                0,
                0,
                0,
                0
            ],
            "cost": 8.191634966737876,
            "eval": {
                "c2c_lat": 134.58669354838707,
                "c2c_tp": 0.11530866353824895,
                "c2m_lat": 141.2109375,
                "c2m_tp": 0.03125,
                "c2i_lat": 152.1484375,
                "c2i_tp": 0.03125,
                "m2i_lat": 149.6875,
                "m2i_tp": 1.0,
                "area": 462
            }
        }
    },
    "updates": [
        [
            0.19023447297513485,
            10.610044041668841
        ],
        [
            0.19024065000121482,
            10.429890728648191
        ],
        [
            0.37293082097312436,
            10.324850357180766
        ],
        [
            0.7500029469956644,
            10.230637758601022
        ],
        [
            1.0016829969827086,
            9.480140522740845
        ],
        [
            1.1875799799745437,
            9.473577494242175
        ],
        [
            5.539070604980225,
            9.328292511105799
        ],
        [
            9.476897154992912,
            9.238123800924143
        ],
        [
            10.406171643000562,
            9.156744413365768
        ],
        [
            10.699621044972446,
            9.150869208260682
        ],
        [
            23.0885270969884,
            8.88476895700629
        ],
        [
            24.68296667499817,
            8.803890102553625
        ],
        [
            332.00704782499815,
            8.773539958573423
        ],
        [
            344.4249657399778,
            8.761830087948482
        ],
        [
            346.4576918069797,
            8.749186727524044
        ],
        [
            420.62532266398193,
            8.590712953316975
        ],
        [
            763.4872756629775,
            8.573067053887163
        ],
        [
            1310.077020058001,
            8.510756044943761
        ],
        [
            2244.6850762859976,
            8.505040103412552
        ],
        [
            2247.9303990579792,
            8.494724454929376
        ],
        [
            2257.154967757,
            8.472732328308528
        ],
        [
            2258.511373438989,
            8.339968680103379
        ],
        [
            2262.839757810987,
            8.254003107707481
        ],
        [
            2263.500725516991,
            8.191634966737876
        ]
    ],
    "parameters": {
        "algorithms": [
            "bl",
            "br",
            "ga",
            "sa"
        ],
        "representation": "heterogeneous",
        "time_budget": 3600,
        "repetitions": 10,
        "norm_samples": 500,
        "mutation_mode": "any-one",
        "n_compute": 32,
        "n_memory": 4,
        "n_io": 4,
        "dimensions": {
            "C": [
                3,
                3
            ],
            "M": [
                4,
                5
            ],
            "I": [
                3,
                4
            ]
        },
        "phys": {
            "C": [
                {
                    "pos": [
                        0.2,
                        1.5
                    ]
                },
                {
                    "pos": [
                        2.8,
                        1.5
                    ]
                },
                {
                    "pos": [
                        1.5,
                        0.2
                    ]
                },
                {
                    "pos": [
                        1.5,
                        2.8
                    ]
                }
            ],
            "M": [
                {
                    "pos": [
                        0.2,
                        2.5
                    ]
                }
            ],
            "I": [
                {
                    "pos": [
                        0.2,
                        2.0
                    ]
                }
            ]
        },
        "relay_chiplets": [
            "C"
        ],
        "dist_type": "euclidean",
        "max_length": 3,
        "L_relay": 10,
        "L_phy": 12,
        "L_link": 1,
        "debug_info": false,
        "debug_frac_sa": 0.05,
        "debug_frac_ga": 0.5,
        "cf_weights": {
            "c2c_lat": 0.1,
            "c2c_tp": 0.1,
            "c2m_lat": 2,
            "c2m_tp": 2,
            "c2i_lat": 0.1,
            "c2i_tp": 0.1,
            "m2i_lat": 2,
            "m2i_tp": 2,
            "area": 2
        },
        "mutation_bias": 0.5,
        "sa_cooling": "lin-mult",
        "sa_adaptive": true,
        "sa_T0": 33,
        "sa_L": 50,
        "sa_a": 1,
        "sa_b": 5,
        "ga_P": 30,
        "ga_E": 6,
        "ga_T": 6,
        "ga_pm": 0.5,
        "ga_sel_fun": "tournament",
        "eval_traces": [
            "lngrex",
            "blackscholes_64c_simsmall",
            "fluidanimate_64c_simsmall"
        ],
        "experiment": "32cores_hetero",
        "rotation_behaviour": {
            "C": "invariant",
            "M": "sensitive",
            "I": "sensitive"
        },
        "cf_normalizers": {
            "c2c_lat": 156.95183467741944,
            "c2c_tp": 0.10622304756184418,
            "c2m_lat": 196.08984375,
            "c2m_tp": 0.028109647799405255,
            "c2i_lat": 193.9296875,
            "c2i_tp": 0.02811413359551656,
            "m2i_lat": 243.378125,
            "m2i_tp": 0.7811919191919191,
            "area": 509.486
        }
    },
    "n_iterations": 13990
}