{
    "best_inst": {
        "typ": "heterogeneous",
        "sub_instance": {
            "types": [
                "I",
                "M",
                "C",
                "C",
                "C",
                "C",
                "M",
                "I",
                "C",
                "C",
                "I",
                "C",
                "C",
                "C",
                "C",
                "C",
                "C",
                "C",
                "C",
                "C",
                "M",
                "C",
                "C",
                "M",
                "C",
                "C",
                "C",
                "C",
                "C",
                "C",
                "C",
                "C",
                "I",
                "C",
                "C",
                "C",
                "C",
                "C",
                "C",
                "C"
            ],
            "rotations": [
                0,
                0,
                0,
                0,
                0,
                0,
                0,
                180,
                0,
                0,
                90,
                0,
                0,
                0,
                0,
                0,
                0,
                0,
                0,
                0,
                0,
                0,
                0,
                180,
                0,
                0,
                0,
                0,
                0,
                0,
                0,
                0,
                90,
                0,
                0,
                0,
                0,
                0,
                0,
                0
            ],
            "cost": 8.2291257973092,
            "eval": {
                "c2c_lat": 135.64516129032256,
                "c2c_tp": 0.12572586828456986,
                "c2m_lat": 148.3203125,
                "c2m_tp": 0.03125,
                "c2i_lat": 160.625,
                "c2i_tp": 0.03125,
                "m2i_lat": 156.25,
                "m2i_tp": 1.0,
                "area": 440
            }
        }
    },
    "updates": [
        [
            24.785482454986777,
            9.14654644638427
        ],
        [
            24.785482454986777,
            9.129256989275323
        ],
        [
            24.785482454986777,
            8.856152300914237
        ],
        [
            144.98414084600518,
            8.799002869743685
        ],
        [
            153.8180820159614,
            8.785330958478578
        ],
        [
            175.2857793919975,
            8.763495763273774
        ],
        [
            195.99266312201507,
            8.7333342021842
        ],
        [
            195.99266312201507,
            8.722626997965412
        ],
        [
            203.47405421896838,
            8.705391002195126
        ],
        [
            203.47405421896838,
            8.70502035115319
        ],
        [
            212.0264387159841,
            8.644256400494571
        ],
        [
            220.43453754496295,
            8.643692407423629
        ],
        [
            235.30786811601138,
            8.554277931112633
        ],
        [
            277.8173329720157,
            8.55371393804169
        ],
        [
            287.30618438101374,
            8.511279960810345
        ],
        [
            314.8399767149822,
            8.424636415576774
        ],
        [
            323.21789024199825,
            8.42320855143892
        ],
        [
            339.6541756899678,
            8.341071605614125
        ],
        [
            365.7178136750008,
            8.3154873460073
        ],
        [
            365.7178136750008,
            8.2291257973092
        ]
    ],
    "parameters": {
        "algorithms": [
            "bl",
            "br",
            "ga",
            "sa"
        ],
        "representation": "heterogeneous",
        "time_budget": 3600,
        "repetitions": 10,
        "norm_samples": 500,
        "mutation_mode": "any-one",
        "n_compute": 32,
        "n_memory": 4,
        "n_io": 4,
        "dimensions": {
            "C": [
                3,
                3
            ],
            "M": [
                4,
                5
            ],
            "I": [
                3,
                4
            ]
        },
        "phys": {
            "C": [
                {
                    "pos": [
                        0.2,
                        1.5
                    ]
                },
                {
                    "pos": [
                        2.8,
                        1.5
                    ]
                },
                {
                    "pos": [
                        1.5,
                        0.2
                    ]
                },
                {
                    "pos": [
                        1.5,
                        2.8
                    ]
                }
            ],
            "M": [
                {
                    "pos": [
                        0.2,
                        2.5
                    ]
                }
            ],
            "I": [
                {
                    "pos": [
                        0.2,
                        2.0
                    ]
                }
            ]
        },
        "relay_chiplets": [
            "C"
        ],
        "dist_type": "euclidean",
        "max_length": 3,
        "L_relay": 10,
        "L_phy": 12,
        "L_link": 1,
        "debug_info": false,
        "debug_frac_sa": 0.05,
        "debug_frac_ga": 0.5,
        "cf_weights": {
            "c2c_lat": 0.1,
            "c2c_tp": 0.1,
            "c2m_lat": 2,
            "c2m_tp": 2,
            "c2i_lat": 0.1,
            "c2i_tp": 0.1,
            "m2i_lat": 2,
            "m2i_tp": 2,
            "area": 2
        },
        "mutation_bias": 0.5,
        "sa_cooling": "lin-mult",
        "sa_adaptive": true,
        "sa_T0": 33,
        "sa_L": 50,
        "sa_a": 1,
        "sa_b": 5,
        "ga_P": 30,
        "ga_E": 6,
        "ga_T": 6,
        "ga_pm": 0.5,
        "ga_sel_fun": "tournament",
        "eval_traces": [
            "lngrex",
            "blackscholes_64c_simsmall",
            "fluidanimate_64c_simsmall"
        ],
        "experiment": "32cores_hetero",
        "rotation_behaviour": {
            "C": "invariant",
            "M": "sensitive",
            "I": "sensitive"
        },
        "cf_normalizers": {
            "c2c_lat": 156.95183467741944,
            "c2c_tp": 0.10622304756184418,
            "c2m_lat": 196.08984375,
            "c2m_tp": 0.028109647799405255,
            "c2i_lat": 193.9296875,
            "c2i_tp": 0.02811413359551656,
            "m2i_lat": 243.378125,
            "m2i_tp": 0.7811919191919191,
            "area": 509.486
        }
    },
    "n_epochs": 410
}