{
    "best_inst": {
        "typ": "heterogeneous",
        "sub_instance": {
            "types": [
                "C",
                "C",
                "C",
                "C",
                "C",
                "C",
                "C",
                "C",
                "M",
                "I",
                "C",
                "M",
                "C",
                "C",
                "C",
                "C",
                "C",
                "C",
                "C",
                "C",
                "C",
                "C",
                "C",
                "C",
                "C",
                "C",
                "C",
                "C",
                "C",
                "I",
                "I",
                "M",
                "C",
                "M",
                "C",
                "I",
                "C",
                "C",
                "C",
                "C"
            ],
            "rotations": [
                0,
                0,
                0,
                0,
                0,
                0,
                0,
                0,
                180,
                270,
                0,
                180,
                0,
                0,
                0,
                0,
                0,
                0,
                0,
                0,
                0,
                0,
                0,
                0,
                0,
                0,
                0,
                0,
                0,
                270,
                270,
                90,
                0,
                90,
                0,
                90,
                0,
                0,
                0,
                0
            ],
            "cost": 8.413184735535742,
            "eval": {
                "c2c_lat": 132.46975806451613,
                "c2c_tp": 0.12202302597557195,
                "c2m_lat": 148.59375,
                "c2m_tp": 0.03125,
                "c2i_lat": 153.515625,
                "c2i_tp": 0.031005859374999993,
                "m2i_lat": 178.125,
                "m2i_tp": 1.0,
                "area": 441
            }
        }
    },
    "updates": [
        [
            0.7682497099740431,
            11.683956494186063
        ],
        [
            0.7682567230076529,
            11.573781419368395
        ],
        [
            2.2835637259995565,
            10.544318266135566
        ],
        [
            2.753803915984463,
            10.431371555651346
        ],
        [
            3.3399823550134897,
            10.228224987231355
        ],
        [
            3.5283014490269125,
            9.288509351816455
        ],
        [
            15.261606128013227,
            9.212707217843933
        ],
        [
            26.122964396025054,
            9.176329004274233
        ],
        [
            59.99236642499454,
            9.00653380904271
        ],
        [
            77.49822630902054,
            8.954031572327825
        ],
        [
            95.20567378902342,
            8.71932807589915
        ],
        [
            750.0038578719832,
            8.703414014713893
        ],
        [
            767.898888132011,
            8.568483864706069
        ],
        [
            1378.4117054180242,
            8.461123385248559
        ],
        [
            1788.8700400979724,
            8.413184735535742
        ]
    ],
    "parameters": {
        "algorithms": [
            "bl",
            "br",
            "ga",
            "sa"
        ],
        "representation": "heterogeneous",
        "time_budget": 3600,
        "repetitions": 10,
        "norm_samples": 500,
        "mutation_mode": "any-one",
        "n_compute": 32,
        "n_memory": 4,
        "n_io": 4,
        "dimensions": {
            "C": [
                3,
                3
            ],
            "M": [
                4,
                5
            ],
            "I": [
                3,
                4
            ]
        },
        "phys": {
            "C": [
                {
                    "pos": [
                        0.2,
                        1.5
                    ]
                },
                {
                    "pos": [
                        2.8,
                        1.5
                    ]
                },
                {
                    "pos": [
                        1.5,
                        0.2
                    ]
                },
                {
                    "pos": [
                        1.5,
                        2.8
                    ]
                }
            ],
            "M": [
                {
                    "pos": [
                        0.2,
                        2.5
                    ]
                }
            ],
            "I": [
                {
                    "pos": [
                        0.2,
                        2.0
                    ]
                }
            ]
        },
        "relay_chiplets": [
            "C"
        ],
        "dist_type": "euclidean",
        "max_length": 3,
        "L_relay": 10,
        "L_phy": 12,
        "L_link": 1,
        "debug_info": false,
        "debug_frac_sa": 0.05,
        "debug_frac_ga": 0.5,
        "cf_weights": {
            "c2c_lat": 0.1,
            "c2c_tp": 0.1,
            "c2m_lat": 2,
            "c2m_tp": 2,
            "c2i_lat": 0.1,
            "c2i_tp": 0.1,
            "m2i_lat": 2,
            "m2i_tp": 2,
            "area": 2
        },
        "mutation_bias": 0.5,
        "sa_cooling": "lin-mult",
        "sa_adaptive": true,
        "sa_T0": 33,
        "sa_L": 50,
        "sa_a": 1,
        "sa_b": 5,
        "ga_P": 30,
        "ga_E": 6,
        "ga_T": 6,
        "ga_pm": 0.5,
        "ga_sel_fun": "tournament",
        "eval_traces": [
            "lngrex",
            "blackscholes_64c_simsmall",
            "fluidanimate_64c_simsmall"
        ],
        "experiment": "32cores_hetero",
        "rotation_behaviour": {
            "C": "invariant",
            "M": "sensitive",
            "I": "sensitive"
        },
        "cf_normalizers": {
            "c2c_lat": 156.95183467741944,
            "c2c_tp": 0.10622304756184418,
            "c2m_lat": 196.08984375,
            "c2m_tp": 0.028109647799405255,
            "c2i_lat": 193.9296875,
            "c2i_tp": 0.02811413359551656,
            "m2i_lat": 243.378125,
            "m2i_tp": 0.7811919191919191,
            "area": 509.486
        }
    },
    "n_iterations": 14039
}