{
    "best_inst": {
        "typ": "heterogeneous",
        "sub_instance": {
            "types": [
                "M",
                "C",
                "C",
                "C",
                "M",
                "I",
                "C",
                "C",
                "C",
                "C",
                "C",
                "I",
                "I",
                "M",
                "C",
                "C",
                "C",
                "C",
                "C",
                "C",
                "C",
                "M",
                "C",
                "C",
                "C",
                "C",
                "C",
                "C",
                "I",
                "C",
                "C",
                "C",
                "C",
                "C",
                "C",
                "C",
                "C",
                "C",
                "C",
                "C"
            ],
            "rotations": [
                0,
                0,
                0,
                0,
                180,
                270,
                0,
                0,
                0,
                0,
                0,
                270,
                180,
                0,
                0,
                0,
                0,
                0,
                0,
                0,
                0,
                0,
                0,
                0,
                0,
                0,
                0,
                0,
                0,
                0,
                0,
                0,
                0,
                0,
                0,
                0,
                0,
                0,
                0,
                0
            ],
            "cost": 8.325707716451172,
            "eval": {
                "c2c_lat": 138.1149193548387,
                "c2c_tp": 0.11455572964381501,
                "c2m_lat": 154.0625,
                "c2m_tp": 0.03125,
                "c2i_lat": 152.421875,
                "c2i_tp": 0.03125,
                "m2i_lat": 149.6875,
                "m2i_tp": 1.0,
                "area": 462
            }
        }
    },
    "updates": [
        [
            27.610069777991157,
            9.157884519955712
        ],
        [
            27.610069777991157,
            9.0789171360928
        ],
        [
            27.610069777991157,
            8.942005604373515
        ],
        [
            42.83504468598403,
            8.656434024008083
        ],
        [
            79.87591460900148,
            8.513260789064368
        ],
        [
            256.94083784299437,
            8.498581340061229
        ],
        [
            266.39189823699417,
            8.494132428833996
        ],
        [
            450.98467446496943,
            8.472412832339362
        ],
        [
            820.7907711389707,
            8.453734667649826
        ],
        [
            908.9526091860025,
            8.418672562520143
        ],
        [
            933.2112306139898,
            8.406219885187049
        ],
        [
            940.6815537840012,
            8.343113516044442
        ],
        [
            1315.9407978139934,
            8.325707716451172
        ]
    ],
    "parameters": {
        "algorithms": [
            "bl",
            "br",
            "ga",
            "sa"
        ],
        "representation": "heterogeneous",
        "time_budget": 3600,
        "repetitions": 10,
        "norm_samples": 500,
        "mutation_mode": "any-one",
        "n_compute": 32,
        "n_memory": 4,
        "n_io": 4,
        "dimensions": {
            "C": [
                3,
                3
            ],
            "M": [
                4,
                5
            ],
            "I": [
                3,
                4
            ]
        },
        "phys": {
            "C": [
                {
                    "pos": [
                        0.2,
                        1.5
                    ]
                },
                {
                    "pos": [
                        2.8,
                        1.5
                    ]
                },
                {
                    "pos": [
                        1.5,
                        0.2
                    ]
                },
                {
                    "pos": [
                        1.5,
                        2.8
                    ]
                }
            ],
            "M": [
                {
                    "pos": [
                        0.2,
                        2.5
                    ]
                }
            ],
            "I": [
                {
                    "pos": [
                        0.2,
                        2.0
                    ]
                }
            ]
        },
        "relay_chiplets": [
            "C"
        ],
        "dist_type": "euclidean",
        "max_length": 3,
        "L_relay": 10,
        "L_phy": 12,
        "L_link": 1,
        "debug_info": false,
        "debug_frac_sa": 0.05,
        "debug_frac_ga": 0.5,
        "cf_weights": {
            "c2c_lat": 0.1,
            "c2c_tp": 0.1,
            "c2m_lat": 2,
            "c2m_tp": 2,
            "c2i_lat": 0.1,
            "c2i_tp": 0.1,
            "m2i_lat": 2,
            "m2i_tp": 2,
            "area": 2
        },
        "mutation_bias": 0.5,
        "sa_cooling": "lin-mult",
        "sa_adaptive": true,
        "sa_T0": 33,
        "sa_L": 50,
        "sa_a": 1,
        "sa_b": 5,
        "ga_P": 30,
        "ga_E": 6,
        "ga_T": 6,
        "ga_pm": 0.5,
        "ga_sel_fun": "tournament",
        "eval_traces": [
            "lngrex",
            "blackscholes_64c_simsmall",
            "fluidanimate_64c_simsmall"
        ],
        "experiment": "32cores_hetero",
        "rotation_behaviour": {
            "C": "invariant",
            "M": "sensitive",
            "I": "sensitive"
        },
        "cf_normalizers": {
            "c2c_lat": 156.95183467741944,
            "c2c_tp": 0.10622304756184418,
            "c2m_lat": 196.08984375,
            "c2m_tp": 0.028109647799405255,
            "c2i_lat": 193.9296875,
            "c2i_tp": 0.02811413359551656,
            "m2i_lat": 243.378125,
            "m2i_tp": 0.7811919191919191,
            "area": 509.486
        }
    },
    "n_epochs": 388
}