{
    "best_inst": {
        "typ": "heterogeneous",
        "sub_instance": {
            "types": [
                "C",
                "C",
                "C",
                "C",
                "C",
                "M",
                "C",
                "C",
                "C",
                "M",
                "C",
                "C",
                "C",
                "M",
                "C",
                "C",
                "C",
                "C",
                "C",
                "I",
                "C",
                "C",
                "C",
                "C",
                "C",
                "I",
                "C",
                "M",
                "C",
                "I",
                "C",
                "I",
                "C",
                "C",
                "C",
                "C",
                "C",
                "C",
                "C",
                "C"
            ],
            "rotations": [
                0,
                0,
                0,
                0,
                0,
                270,
                0,
                0,
                0,
                270,
                0,
                0,
                0,
                180,
                0,
                0,
                0,
                0,
                0,
                90,
                0,
                0,
                0,
                0,
                0,
                180,
                0,
                180,
                0,
                0,
                0,
                180,
                0,
                0,
                0,
                0,
                0,
                0,
                0,
                0
            ],
            "cost": 8.265480027010637,
            "eval": {
                "c2c_lat": 137.76209677419354,
                "c2c_tp": 0.11776171490930251,
                "c2m_lat": 140.6640625,
                "c2m_tp": 0.03125,
                "c2i_lat": 160.8984375,
                "c2i_tp": 0.0302734375,
                "m2i_lat": 158.4375,
                "m2i_tp": 1.0,
                "area": 462
            }
        }
    },
    "updates": [
        [
            0.44555265197413974,
            12.376547849409226
        ],
        [
            0.4455597559863236,
            11.19954378368785
        ],
        [
            1.5966191069746856,
            10.165541083596546
        ],
        [
            3.362519356975099,
            9.773651966658878
        ],
        [
            6.731359770987183,
            9.66461875382355
        ],
        [
            7.617145938973408,
            9.388720437577124
        ],
        [
            10.883121146995109,
            9.215255347358708
        ],
        [
            11.073440720996587,
            9.201310846472238
        ],
        [
            26.59377689199755,
            9.17148609706158
        ],
        [
            26.967206350993365,
            9.009532198360263
        ],
        [
            37.46146035299171,
            8.903823102908024
        ],
        [
            96.64528193397564,
            8.886593185775437
        ],
        [
            173.95182904598187,
            8.875256263559208
        ],
        [
            176.0941095209855,
            8.653351418898163
        ],
        [
            429.0282661309757,
            8.566820661352326
        ],
        [
            998.7503182369983,
            8.558427498466067
        ],
        [
            1006.2033678969892,
            8.40925609738917
        ],
        [
            1961.9208993119828,
            8.351505132119431
        ],
        [
            1966.768470600975,
            8.347485824689972
        ],
        [
            2491.6217656459776,
            8.288161398144457
        ],
        [
            2494.580249463994,
            8.265480027010637
        ]
    ],
    "parameters": {
        "algorithms": [
            "bl",
            "br",
            "ga",
            "sa"
        ],
        "representation": "heterogeneous",
        "time_budget": 3600,
        "repetitions": 10,
        "norm_samples": 500,
        "mutation_mode": "any-one",
        "n_compute": 32,
        "n_memory": 4,
        "n_io": 4,
        "dimensions": {
            "C": [
                3,
                3
            ],
            "M": [
                4,
                5
            ],
            "I": [
                3,
                4
            ]
        },
        "phys": {
            "C": [
                {
                    "pos": [
                        0.2,
                        1.5
                    ]
                },
                {
                    "pos": [
                        2.8,
                        1.5
                    ]
                },
                {
                    "pos": [
                        1.5,
                        0.2
                    ]
                },
                {
                    "pos": [
                        1.5,
                        2.8
                    ]
                }
            ],
            "M": [
                {
                    "pos": [
                        0.2,
                        2.5
                    ]
                }
            ],
            "I": [
                {
                    "pos": [
                        0.2,
                        2.0
                    ]
                }
            ]
        },
        "relay_chiplets": [
            "C"
        ],
        "dist_type": "euclidean",
        "max_length": 3,
        "L_relay": 10,
        "L_phy": 12,
        "L_link": 1,
        "debug_info": false,
        "debug_frac_sa": 0.05,
        "debug_frac_ga": 0.5,
        "cf_weights": {
            "c2c_lat": 0.1,
            "c2c_tp": 0.1,
            "c2m_lat": 2,
            "c2m_tp": 2,
            "c2i_lat": 0.1,
            "c2i_tp": 0.1,
            "m2i_lat": 2,
            "m2i_tp": 2,
            "area": 2
        },
        "mutation_bias": 0.5,
        "sa_cooling": "lin-mult",
        "sa_adaptive": true,
        "sa_T0": 33,
        "sa_L": 50,
        "sa_a": 1,
        "sa_b": 5,
        "ga_P": 30,
        "ga_E": 6,
        "ga_T": 6,
        "ga_pm": 0.5,
        "ga_sel_fun": "tournament",
        "eval_traces": [
            "lngrex",
            "blackscholes_64c_simsmall",
            "fluidanimate_64c_simsmall"
        ],
        "experiment": "32cores_hetero",
        "rotation_behaviour": {
            "C": "invariant",
            "M": "sensitive",
            "I": "sensitive"
        },
        "cf_normalizers": {
            "c2c_lat": 156.95183467741944,
            "c2c_tp": 0.10622304756184418,
            "c2m_lat": 196.08984375,
            "c2m_tp": 0.028109647799405255,
            "c2i_lat": 193.9296875,
            "c2i_tp": 0.02811413359551656,
            "m2i_lat": 243.378125,
            "m2i_tp": 0.7811919191919191,
            "area": 509.486
        }
    },
    "n_iterations": 13917
}