{
    "best_inst": {
        "typ": "heterogeneous",
        "sub_instance": {
            "types": [
                "M",
                "I",
                "C",
                "C",
                "C",
                "M",
                "C",
                "C",
                "C",
                "C",
                "C",
                "C",
                "C",
                "C",
                "C",
                "I",
                "C",
                "I",
                "C",
                "C",
                "C",
                "C",
                "C",
                "C",
                "C",
                "C",
                "C",
                "C",
                "C",
                "I",
                "M",
                "M",
                "C",
                "C",
                "C",
                "C",
                "C",
                "C",
                "C",
                "C"
            ],
            "rotations": [
                270,
                180,
                0,
                0,
                0,
                90,
                0,
                0,
                0,
                0,
                0,
                0,
                0,
                0,
                0,
                0,
                0,
                270,
                0,
                0,
                0,
                0,
                0,
                0,
                0,
                0,
                0,
                0,
                0,
                180,
                90,
                0,
                0,
                0,
                0,
                0,
                0,
                0,
                0,
                0
            ],
            "cost": 8.12662231408828,
            "eval": {
                "c2c_lat": 134.86895161290323,
                "c2c_tp": 0.11937308949268832,
                "c2m_lat": 150.5078125,
                "c2m_tp": 0.03125,
                "c2i_lat": 147.2265625,
                "c2i_tp": 0.03125,
                "m2i_lat": 140.9375,
                "m2i_tp": 1.0,
                "area": 441
            }
        }
    },
    "updates": [
        [
            21.97338718199171,
            8.797026334224284
        ],
        [
            66.02404377702624,
            8.72495100965983
        ],
        [
            66.02404377702624,
            8.722427224291664
        ],
        [
            133.1797732830164,
            8.720026417473205
        ],
        [
            145.51174978603376,
            8.673256038677662
        ],
        [
            263.64807278697845,
            8.619602218514164
        ],
        [
            292.8192658770131,
            8.57553860309337
        ],
        [
            302.3784962220234,
            8.504102118997114
        ],
        [
            363.65149290597765,
            8.441571277783854
        ],
        [
            385.4724425430177,
            8.439604488900596
        ],
        [
            385.4724425430177,
            8.414432764789057
        ],
        [
            403.40012794401264,
            8.40032318778454
        ],
        [
            489.579248827009,
            8.391335304011536
        ],
        [
            511.6908386290306,
            8.311045256972264
        ],
        [
            770.3943534010323,
            8.305788687869962
        ],
        [
            917.0683652990265,
            8.18791786929465
        ],
        [
            1214.9945466219797,
            8.164694737066414
        ],
        [
            1330.5655531749944,
            8.141919662672361
        ],
        [
            1405.7989401540253,
            8.130794787413473
        ],
        [
            3372.305038498016,
            8.12662231408828
        ]
    ],
    "parameters": {
        "algorithms": [
            "bl",
            "br",
            "ga",
            "sa"
        ],
        "representation": "heterogeneous",
        "time_budget": 3600,
        "repetitions": 10,
        "norm_samples": 500,
        "mutation_mode": "any-one",
        "n_compute": 32,
        "n_memory": 4,
        "n_io": 4,
        "dimensions": {
            "C": [
                3,
                3
            ],
            "M": [
                4,
                5
            ],
            "I": [
                3,
                4
            ]
        },
        "phys": {
            "C": [
                {
                    "pos": [
                        0.2,
                        1.5
                    ]
                },
                {
                    "pos": [
                        2.8,
                        1.5
                    ]
                },
                {
                    "pos": [
                        1.5,
                        0.2
                    ]
                },
                {
                    "pos": [
                        1.5,
                        2.8
                    ]
                }
            ],
            "M": [
                {
                    "pos": [
                        0.2,
                        2.5
                    ]
                }
            ],
            "I": [
                {
                    "pos": [
                        0.2,
                        2.0
                    ]
                }
            ]
        },
        "relay_chiplets": [
            "C"
        ],
        "dist_type": "euclidean",
        "max_length": 3,
        "L_relay": 10,
        "L_phy": 12,
        "L_link": 1,
        "debug_info": false,
        "debug_frac_sa": 0.05,
        "debug_frac_ga": 0.5,
        "cf_weights": {
            "c2c_lat": 0.1,
            "c2c_tp": 0.1,
            "c2m_lat": 2,
            "c2m_tp": 2,
            "c2i_lat": 0.1,
            "c2i_tp": 0.1,
            "m2i_lat": 2,
            "m2i_tp": 2,
            "area": 2
        },
        "mutation_bias": 0.5,
        "sa_cooling": "lin-mult",
        "sa_adaptive": true,
        "sa_T0": 33,
        "sa_L": 50,
        "sa_a": 1,
        "sa_b": 5,
        "ga_P": 30,
        "ga_E": 6,
        "ga_T": 6,
        "ga_pm": 0.5,
        "ga_sel_fun": "tournament",
        "eval_traces": [
            "lngrex",
            "blackscholes_64c_simsmall",
            "fluidanimate_64c_simsmall"
        ],
        "experiment": "32cores_hetero",
        "rotation_behaviour": {
            "C": "invariant",
            "M": "sensitive",
            "I": "sensitive"
        },
        "cf_normalizers": {
            "c2c_lat": 156.95183467741944,
            "c2c_tp": 0.10622304756184418,
            "c2m_lat": 196.08984375,
            "c2m_tp": 0.028109647799405255,
            "c2i_lat": 193.9296875,
            "c2i_tp": 0.02811413359551656,
            "m2i_lat": 243.378125,
            "m2i_tp": 0.7811919191919191,
            "area": 509.486
        }
    },
    "n_epochs": 359
}