{
    "best_inst": {
        "typ": "heterogeneous",
        "sub_instance": {
            "types": [
                "C",
                "C",
                "M",
                "C",
                "I",
                "I",
                "C",
                "C",
                "M",
                "C",
                "C",
                "C",
                "C",
                "M",
                "C",
                "C",
                "C",
                "M",
                "C",
                "C",
                "I",
                "C",
                "C",
                "C",
                "C",
                "C",
                "C",
                "C",
                "C",
                "C",
                "C",
                "C",
                "C",
                "C",
                "I",
                "C",
                "C",
                "C",
                "C",
                "C"
            ],
            "rotations": [
                0,
                0,
                180,
                0,
                270,
                0,
                0,
                0,
                180,
                0,
                0,
                0,
                0,
                180,
                0,
                0,
                0,
                0,
                0,
                0,
                180,
                0,
                0,
                0,
                0,
                0,
                0,
                0,
                0,
                0,
                0,
                0,
                0,
                0,
                270,
                0,
                0,
                0,
                0,
                0
            ],
            "cost": 8.433263107688242,
            "eval": {
                "c2c_lat": 140.16129032258064,
                "c2c_tp": 0.10576276311929596,
                "c2m_lat": 151.0546875,
                "c2m_tp": 0.03125,
                "c2i_lat": 157.6171875,
                "c2i_tp": 0.031005859374999993,
                "m2i_lat": 165.0,
                "m2i_tp": 1.0,
                "area": 462
            }
        }
    },
    "updates": [
        [
            0.6240237820020411,
            9.398974612563878
        ],
        [
            5.9170559530030005,
            9.291736136561997
        ],
        [
            7.375491128012072,
            9.261441867558817
        ],
        [
            12.809593579993816,
            9.20437779128954
        ],
        [
            52.26230188101181,
            9.038977768364436
        ],
        [
            57.62231976399198,
            8.839738702926951
        ],
        [
            158.0634835830133,
            8.72591135893886
        ],
        [
            159.65366361199995,
            8.67828171921036
        ],
        [
            1147.9066489890101,
            8.655266979719029
        ],
        [
            1149.4560840960185,
            8.652277858890407
        ],
        [
            1149.82347145502,
            8.581342902529045
        ],
        [
            1653.5403801159991,
            8.517440332331358
        ],
        [
            1654.4478165670007,
            8.506390904972855
        ],
        [
            2463.376669296995,
            8.433263107688242
        ]
    ],
    "parameters": {
        "algorithms": [
            "bl",
            "br",
            "ga",
            "sa"
        ],
        "representation": "heterogeneous",
        "time_budget": 3600,
        "repetitions": 10,
        "norm_samples": 500,
        "mutation_mode": "any-one",
        "n_compute": 32,
        "n_memory": 4,
        "n_io": 4,
        "dimensions": {
            "C": [
                3,
                3
            ],
            "M": [
                4,
                5
            ],
            "I": [
                3,
                4
            ]
        },
        "phys": {
            "C": [
                {
                    "pos": [
                        0.2,
                        1.5
                    ]
                },
                {
                    "pos": [
                        2.8,
                        1.5
                    ]
                },
                {
                    "pos": [
                        1.5,
                        0.2
                    ]
                },
                {
                    "pos": [
                        1.5,
                        2.8
                    ]
                }
            ],
            "M": [
                {
                    "pos": [
                        0.2,
                        2.5
                    ]
                }
            ],
            "I": [
                {
                    "pos": [
                        0.2,
                        2.0
                    ]
                }
            ]
        },
        "relay_chiplets": [
            "C"
        ],
        "dist_type": "euclidean",
        "max_length": 3,
        "L_relay": 10,
        "L_phy": 12,
        "L_link": 1,
        "debug_info": false,
        "debug_frac_sa": 0.05,
        "debug_frac_ga": 0.5,
        "cf_weights": {
            "c2c_lat": 0.1,
            "c2c_tp": 0.1,
            "c2m_lat": 2,
            "c2m_tp": 2,
            "c2i_lat": 0.1,
            "c2i_tp": 0.1,
            "m2i_lat": 2,
            "m2i_tp": 2,
            "area": 2
        },
        "mutation_bias": 0.5,
        "sa_cooling": "lin-mult",
        "sa_adaptive": true,
        "sa_T0": 33,
        "sa_L": 50,
        "sa_a": 1,
        "sa_b": 5,
        "ga_P": 30,
        "ga_E": 6,
        "ga_T": 6,
        "ga_pm": 0.5,
        "ga_sel_fun": "tournament",
        "eval_traces": [
            "lngrex",
            "blackscholes_64c_simsmall",
            "fluidanimate_64c_simsmall"
        ],
        "experiment": "32cores_hetero",
        "rotation_behaviour": {
            "C": "invariant",
            "M": "sensitive",
            "I": "sensitive"
        },
        "cf_normalizers": {
            "c2c_lat": 156.95183467741944,
            "c2c_tp": 0.10622304756184418,
            "c2m_lat": 196.08984375,
            "c2m_tp": 0.028109647799405255,
            "c2i_lat": 193.9296875,
            "c2i_tp": 0.02811413359551656,
            "m2i_lat": 243.378125,
            "m2i_tp": 0.7811919191919191,
            "area": 509.486
        }
    },
    "n_iterations": 14086
}