{
    "best_inst": {
        "typ": "heterogeneous",
        "sub_instance": {
            "types": [
                "M",
                "C",
                "C",
                "I",
                "C",
                "C",
                "C",
                "C",
                "C",
                "M",
                "C",
                "I",
                "C",
                "C",
                "C",
                "C",
                "C",
                "C",
                "C",
                "C",
                "C",
                "C",
                "C",
                "C",
                "I",
                "C",
                "C",
                "M",
                "C",
                "I",
                "C",
                "C",
                "M",
                "C",
                "C",
                "C",
                "C",
                "C",
                "C",
                "C"
            ],
            "rotations": [
                270,
                0,
                0,
                90,
                0,
                0,
                0,
                0,
                0,
                270,
                0,
                90,
                0,
                0,
                0,
                0,
                0,
                0,
                0,
                0,
                0,
                0,
                0,
                0,
                270,
                0,
                0,
                0,
                0,
                180,
                0,
                0,
                180,
                0,
                0,
                0,
                0,
                0,
                0,
                0
            ],
            "cost": 8.678071758633454,
            "eval": {
                "c2c_lat": 129.71774193548387,
                "c2c_tp": 0.13275763162037854,
                "c2m_lat": 154.8828125,
                "c2m_tp": 0.03125,
                "c2i_lat": 157.34375,
                "c2i_tp": 0.03125,
                "m2i_lat": 193.4375,
                "m2i_tp": 1.0,
                "area": 462
            }
        }
    },
    "updates": [
        [
            1.0614740420132875,
            9.331602153936169
        ],
        [
            2.2561785000143573,
            9.063456925268559
        ],
        [
            11.255858148972038,
            9.028721996583684
        ],
        [
            35.36456212302437,
            9.011236751967715
        ],
        [
            73.08888932300033,
            9.00836047061782
        ],
        [
            85.52404518797994,
            8.905619691662062
        ],
        [
            93.59920684399549,
            8.802675667564557
        ],
        [
            238.74838751601055,
            8.726288718394581
        ],
        [
            588.2324708629749,
            8.724162544418848
        ],
        [
            1856.5004841019982,
            8.714393587630433
        ],
        [
            1952.8623723589699,
            8.678071758633454
        ]
    ],
    "parameters": {
        "algorithms": [
            "bl",
            "br",
            "ga",
            "sa"
        ],
        "representation": "heterogeneous",
        "time_budget": 3600,
        "repetitions": 10,
        "norm_samples": 500,
        "mutation_mode": "any-one",
        "n_compute": 32,
        "n_memory": 4,
        "n_io": 4,
        "dimensions": {
            "C": [
                3,
                3
            ],
            "M": [
                4,
                5
            ],
            "I": [
                3,
                4
            ]
        },
        "phys": {
            "C": [
                {
                    "pos": [
                        0.2,
                        1.5
                    ]
                },
                {
                    "pos": [
                        2.8,
                        1.5
                    ]
                },
                {
                    "pos": [
                        1.5,
                        0.2
                    ]
                },
                {
                    "pos": [
                        1.5,
                        2.8
                    ]
                }
            ],
            "M": [
                {
                    "pos": [
                        0.2,
                        2.5
                    ]
                }
            ],
            "I": [
                {
                    "pos": [
                        0.2,
                        2.0
                    ]
                }
            ]
        },
        "relay_chiplets": [
            "C"
        ],
        "dist_type": "euclidean",
        "max_length": 3,
        "L_relay": 10,
        "L_phy": 12,
        "L_link": 1,
        "debug_info": false,
        "debug_frac_sa": 0.05,
        "debug_frac_ga": 0.5,
        "cf_weights": {
            "c2c_lat": 0.1,
            "c2c_tp": 0.1,
            "c2m_lat": 2,
            "c2m_tp": 2,
            "c2i_lat": 0.1,
            "c2i_tp": 0.1,
            "m2i_lat": 2,
            "m2i_tp": 2,
            "area": 2
        },
        "mutation_bias": 0.5,
        "sa_cooling": "lin-mult",
        "sa_adaptive": true,
        "sa_T0": 33,
        "sa_L": 50,
        "sa_a": 1,
        "sa_b": 5,
        "ga_P": 30,
        "ga_E": 6,
        "ga_T": 6,
        "ga_pm": 0.5,
        "ga_sel_fun": "tournament",
        "eval_traces": [
            "lngrex",
            "blackscholes_64c_simsmall",
            "fluidanimate_64c_simsmall"
        ],
        "experiment": "32cores_hetero",
        "rotation_behaviour": {
            "C": "invariant",
            "M": "sensitive",
            "I": "sensitive"
        },
        "cf_normalizers": {
            "c2c_lat": 156.95183467741944,
            "c2c_tp": 0.10622304756184418,
            "c2m_lat": 196.08984375,
            "c2m_tp": 0.028109647799405255,
            "c2i_lat": 193.9296875,
            "c2i_tp": 0.02811413359551656,
            "m2i_lat": 243.378125,
            "m2i_tp": 0.7811919191919191,
            "area": 509.486
        }
    },
    "n_generated": 8476
}