{
    "best_inst": {
        "typ": "heterogeneous",
        "sub_instance": {
            "types": [
                "C",
                "C",
                "C",
                "C",
                "C",
                "C",
                "C",
                "C",
                "C",
                "C",
                "M",
                "C",
                "C",
                "I",
                "C",
                "I",
                "C",
                "C",
                "C",
                "C",
                "C",
                "C",
                "C",
                "C",
                "M",
                "C",
                "C",
                "C",
                "C",
                "M",
                "C",
                "C",
                "I",
                "I",
                "C",
                "M",
                "C",
                "C",
                "C",
                "C"
            ],
            "rotations": [
                0,
                0,
                0,
                0,
                0,
                0,
                0,
                0,
                0,
                0,
                270,
                0,
                0,
                180,
                0,
                270,
                0,
                0,
                0,
                0,
                0,
                0,
                0,
                0,
                0,
                0,
                0,
                0,
                0,
                90,
                0,
                0,
                180,
                90,
                0,
                0,
                0,
                0,
                0,
                0
            ],
            "cost": 8.391406607900509,
            "eval": {
                "c2c_lat": 137.47983870967744,
                "c2c_tp": 0.11559682468544429,
                "c2m_lat": 154.0625,
                "c2m_tp": 0.03125,
                "c2i_lat": 163.0859375,
                "c2i_tp": 0.02978515625,
                "m2i_lat": 136.5625,
                "m2i_tp": 1.0,
                "area": 504
            }
        }
    },
    "updates": [
        [
            0.18682397704105824,
            9.68778502547808
        ],
        [
            1.2140372639987618,
            9.676087178764211
        ],
        [
            7.473253255011514,
            9.662563718363872
        ],
        [
            7.722992424038239,
            9.394601877360357
        ],
        [
            19.628404552000575,
            9.379787776471833
        ],
        [
            19.994676353002433,
            8.928366674755457
        ],
        [
            72.19959978602128,
            8.921918946310878
        ],
        [
            183.9108013070072,
            8.810694301612557
        ],
        [
            316.2218220520299,
            8.75124204656509
        ],
        [
            316.7264195930329,
            8.480865314069835
        ],
        [
            2030.5467228130437,
            8.450185419193843
        ],
        [
            2473.9798341240385,
            8.4489673280119
        ],
        [
            3370.4819980010507,
            8.391406607900509
        ]
    ],
    "parameters": {
        "algorithms": [
            "bl",
            "br",
            "ga",
            "sa"
        ],
        "representation": "heterogeneous",
        "time_budget": 3600,
        "repetitions": 10,
        "norm_samples": 500,
        "mutation_mode": "any-one",
        "n_compute": 32,
        "n_memory": 4,
        "n_io": 4,
        "dimensions": {
            "C": [
                3,
                3
            ],
            "M": [
                4,
                5
            ],
            "I": [
                3,
                4
            ]
        },
        "phys": {
            "C": [
                {
                    "pos": [
                        0.2,
                        1.5
                    ]
                },
                {
                    "pos": [
                        2.8,
                        1.5
                    ]
                },
                {
                    "pos": [
                        1.5,
                        0.2
                    ]
                },
                {
                    "pos": [
                        1.5,
                        2.8
                    ]
                }
            ],
            "M": [
                {
                    "pos": [
                        0.2,
                        2.5
                    ]
                }
            ],
            "I": [
                {
                    "pos": [
                        0.2,
                        2.0
                    ]
                }
            ]
        },
        "relay_chiplets": [
            "C"
        ],
        "dist_type": "euclidean",
        "max_length": 3,
        "L_relay": 10,
        "L_phy": 12,
        "L_link": 1,
        "debug_info": false,
        "debug_frac_sa": 0.05,
        "debug_frac_ga": 0.5,
        "cf_weights": {
            "c2c_lat": 0.1,
            "c2c_tp": 0.1,
            "c2m_lat": 2,
            "c2m_tp": 2,
            "c2i_lat": 0.1,
            "c2i_tp": 0.1,
            "m2i_lat": 2,
            "m2i_tp": 2,
            "area": 2
        },
        "mutation_bias": 0.5,
        "sa_cooling": "lin-mult",
        "sa_adaptive": true,
        "sa_T0": 33,
        "sa_L": 50,
        "sa_a": 1,
        "sa_b": 5,
        "ga_P": 30,
        "ga_E": 6,
        "ga_T": 6,
        "ga_pm": 0.5,
        "ga_sel_fun": "tournament",
        "eval_traces": [
            "lngrex",
            "blackscholes_64c_simsmall",
            "fluidanimate_64c_simsmall"
        ],
        "experiment": "32cores_hetero",
        "rotation_behaviour": {
            "C": "invariant",
            "M": "sensitive",
            "I": "sensitive"
        },
        "cf_normalizers": {
            "c2c_lat": 156.95183467741944,
            "c2c_tp": 0.10622304756184418,
            "c2m_lat": 196.08984375,
            "c2m_tp": 0.028109647799405255,
            "c2i_lat": 193.9296875,
            "c2i_tp": 0.02811413359551656,
            "m2i_lat": 243.378125,
            "m2i_tp": 0.7811919191919191,
            "area": 509.486
        }
    },
    "n_iterations": 14045
}