{
    "best_inst": {
        "typ": "heterogeneous",
        "sub_instance": {
            "types": [
                "C",
                "C",
                "C",
                "C",
                "C",
                "I",
                "C",
                "C",
                "C",
                "C",
                "C",
                "C",
                "M",
                "C",
                "I",
                "C",
                "C",
                "C",
                "C",
                "C",
                "C",
                "M",
                "C",
                "I",
                "C",
                "C",
                "M",
                "M",
                "C",
                "C",
                "I",
                "C",
                "C",
                "C",
                "C",
                "C",
                "C",
                "C",
                "C",
                "C"
            ],
            "rotations": [
                0,
                0,
                0,
                0,
                0,
                0,
                0,
                0,
                0,
                0,
                0,
                0,
                270,
                0,
                90,
                0,
                0,
                0,
                0,
                0,
                0,
                180,
                0,
                90,
                0,
                0,
                270,
                270,
                0,
                0,
                0,
                0,
                0,
                0,
                0,
                0,
                0,
                0,
                0,
                0
            ],
            "cost": 8.196046766315412,
            "eval": {
                "c2c_lat": 140.30241935483875,
                "c2c_tp": 0.10959603230677614,
                "c2m_lat": 142.578125,
                "c2m_tp": 0.03125,
                "c2i_lat": 152.1484375,
                "c2i_tp": 0.03125,
                "m2i_lat": 147.5,
                "m2i_tp": 1.0,
                "area": 462
            }
        }
    },
    "updates": [
        [
            0.786349875968881,
            9.538882790160324
        ],
        [
            3.09032880194718,
            9.22370391023705
        ],
        [
            3.455463747959584,
            9.192760894235679
        ],
        [
            3.7412727269693278,
            9.180939809205737
        ],
        [
            6.432418096985202,
            8.839585688927462
        ],
        [
            224.7592244379921,
            8.809178324024899
        ],
        [
            388.9162599789561,
            8.748185499484123
        ],
        [
            399.6614601779729,
            8.737004300954242
        ],
        [
            407.51222993899137,
            8.637425721499826
        ],
        [
            607.3001144709997,
            8.611555611907125
        ],
        [
            900.1109607209801,
            8.529986321115297
        ],
        [
            1768.2953637159662,
            8.47362258411728
        ],
        [
            2152.8235828889883,
            8.458118684868085
        ],
        [
            2709.6739493429777,
            8.443455405571438
        ],
        [
            3014.525531103951,
            8.196046766315412
        ]
    ],
    "parameters": {
        "algorithms": [
            "bl",
            "br",
            "ga",
            "sa"
        ],
        "representation": "heterogeneous",
        "time_budget": 3600,
        "repetitions": 10,
        "norm_samples": 500,
        "mutation_mode": "any-one",
        "n_compute": 32,
        "n_memory": 4,
        "n_io": 4,
        "dimensions": {
            "C": [
                3,
                3
            ],
            "M": [
                4,
                5
            ],
            "I": [
                3,
                4
            ]
        },
        "phys": {
            "C": [
                {
                    "pos": [
                        0.2,
                        1.5
                    ]
                },
                {
                    "pos": [
                        2.8,
                        1.5
                    ]
                },
                {
                    "pos": [
                        1.5,
                        0.2
                    ]
                },
                {
                    "pos": [
                        1.5,
                        2.8
                    ]
                }
            ],
            "M": [
                {
                    "pos": [
                        0.2,
                        2.5
                    ]
                }
            ],
            "I": [
                {
                    "pos": [
                        0.2,
                        2.0
                    ]
                }
            ]
        },
        "relay_chiplets": [
            "C"
        ],
        "dist_type": "euclidean",
        "max_length": 3,
        "L_relay": 10,
        "L_phy": 12,
        "L_link": 1,
        "debug_info": false,
        "debug_frac_sa": 0.05,
        "debug_frac_ga": 0.5,
        "cf_weights": {
            "c2c_lat": 0.1,
            "c2c_tp": 0.1,
            "c2m_lat": 2,
            "c2m_tp": 2,
            "c2i_lat": 0.1,
            "c2i_tp": 0.1,
            "m2i_lat": 2,
            "m2i_tp": 2,
            "area": 2
        },
        "mutation_bias": 0.5,
        "sa_cooling": "lin-mult",
        "sa_adaptive": true,
        "sa_T0": 33,
        "sa_L": 50,
        "sa_a": 1,
        "sa_b": 5,
        "ga_P": 30,
        "ga_E": 6,
        "ga_T": 6,
        "ga_pm": 0.5,
        "ga_sel_fun": "tournament",
        "eval_traces": [
            "lngrex",
            "blackscholes_64c_simsmall",
            "fluidanimate_64c_simsmall"
        ],
        "experiment": "32cores_hetero",
        "rotation_behaviour": {
            "C": "invariant",
            "M": "sensitive",
            "I": "sensitive"
        },
        "cf_normalizers": {
            "c2c_lat": 156.95183467741944,
            "c2c_tp": 0.10622304756184418,
            "c2m_lat": 196.08984375,
            "c2m_tp": 0.028109647799405255,
            "c2i_lat": 193.9296875,
            "c2i_tp": 0.02811413359551656,
            "m2i_lat": 243.378125,
            "m2i_tp": 0.7811919191919191,
            "area": 509.486
        }
    },
    "n_iterations": 14273
}