{
    "1.0": {
        "packet_latency": {
            "avg": 226.02,
            "min": 13.0,
            "max": 13.0
        },
        "network_latency": {
            "avg": 226.018,
            "min": 13.0,
            "max": 13.0
        },
        "flit_latency": {
            "avg": 215.22,
            "min": 13.0,
            "max": 13.0
        },
        "fragmentation": {
            "avg": 26.1906,
            "min": 0.0,
            "max": 0.0
        },
        "injected_packet_rate": {
            "avg": 0.000703237,
            "min": 0.000150076,
            "max": 0.000150076
        },
        "accepted_packet_rate": {
            "avg": 0.000703237,
            "min": 0.000191024,
            "max": 0.000191024
        },
        "injected_flit_rate": {
            "avg": 0.00333604,
            "min": 0.000426517,
            "max": 0.000426517
        },
        "accepted_flit_rate": {
            "avg": 0.00333604,
            "min": 0.000495328,
            "max": 0.000495328
        },
        "injected_packet_size": {
            "avg": 4.74383
        },
        "accepted_packet_size": {
            "avg": 4.74383
        },
        "hops": {
            "avg": 5.77204
        },
        "total_run_time_cycles": 236053820.0,
        "total_run_time": 6725.37
    }
}