{
    "1.0": {
        "packet_latency": {
            "avg": 205.503,
            "min": 13.0,
            "max": 13.0
        },
        "network_latency": {
            "avg": 205.499,
            "min": 13.0,
            "max": 13.0
        },
        "flit_latency": {
            "avg": 193.694,
            "min": 13.0,
            "max": 13.0
        },
        "fragmentation": {
            "avg": 23.8102,
            "min": 0.0,
            "max": 0.0
        },
        "injected_packet_rate": {
            "avg": 0.00064935,
            "min": 0.000108,
            "max": 0.000108
        },
        "accepted_packet_rate": {
            "avg": 0.00064925,
            "min": 0.000117,
            "max": 0.000117
        },
        "injected_flit_rate": {
            "avg": 0.00291375,
            "min": 0.000177,
            "max": 0.000177
        },
        "accepted_flit_rate": {
            "avg": 0.00291345,
            "min": 0.000759,
            "max": 0.000759
        },
        "injected_packet_size": {
            "avg": 4.48718
        },
        "accepted_packet_size": {
            "avg": 4.48741
        },
        "hops": {
            "avg": 5.3774
        },
        "total_run_time_cycles": 1000000.0,
        "total_run_time": 518.597
    }
}