{
    "1.0": {
        "packet_latency": {
            "avg": 234.939,
            "min": 13.0,
            "max": 13.0
        },
        "network_latency": {
            "avg": 234.93,
            "min": 13.0,
            "max": 13.0
        },
        "flit_latency": {
            "avg": 224.216,
            "min": 13.0,
            "max": 13.0
        },
        "fragmentation": {
            "avg": 17.5254,
            "min": 0.0,
            "max": 0.0
        },
        "injected_packet_rate": {
            "avg": 0.00570402,
            "min": 0.002164,
            "max": 0.002164
        },
        "accepted_packet_rate": {
            "avg": 0.005703,
            "min": 0.001912,
            "max": 0.001912
        },
        "injected_flit_rate": {
            "avg": 0.0198264,
            "min": 0.005245,
            "max": 0.005245
        },
        "accepted_flit_rate": {
            "avg": 0.0198226,
            "min": 0.007781,
            "max": 0.007781
        },
        "injected_packet_size": {
            "avg": 3.47587
        },
        "accepted_packet_size": {
            "avg": 3.47582
        },
        "hops": {
            "avg": 6.22041
        },
        "total_run_time_cycles": 1000000.0,
        "total_run_time": 319.846
    }
}