{
    "1.0": {
        "packet_latency": {
            "avg": 231.758,
            "min": 13.0,
            "max": 13.0
        },
        "network_latency": {
            "avg": 231.756,
            "min": 13.0,
            "max": 13.0
        },
        "flit_latency": {
            "avg": 223.43,
            "min": 13.0,
            "max": 13.0
        },
        "fragmentation": {
            "avg": 26.2092,
            "min": 0.0,
            "max": 0.0
        },
        "injected_packet_rate": {
            "avg": 0.00039528,
            "min": 8.43557e-05,
            "max": 8.43557e-05
        },
        "accepted_packet_rate": {
            "avg": 0.00039528,
            "min": 0.000107372,
            "max": 0.000107372
        },
        "injected_flit_rate": {
            "avg": 0.00187514,
            "min": 0.000239739,
            "max": 0.000239739
        },
        "accepted_flit_rate": {
            "avg": 0.00187514,
            "min": 0.000278417,
            "max": 0.000278417
        },
        "injected_packet_size": {
            "avg": 4.74383
        },
        "accepted_packet_size": {
            "avg": 4.74383
        },
        "hops": {
            "avg": 5.93428
        },
        "total_run_time_cycles": 419960000.0,
        "total_run_time": 9941.13
    }
}