{
    "1.0": {
        "packet_latency": {
            "avg": 183.684,
            "min": 13.0,
            "max": 13.0
        },
        "network_latency": {
            "avg": 183.68,
            "min": 13.0,
            "max": 13.0
        },
        "flit_latency": {
            "avg": 171.921,
            "min": 13.0,
            "max": 13.0
        },
        "fragmentation": {
            "avg": 23.8999,
            "min": 0.0,
            "max": 0.0
        },
        "injected_packet_rate": {
            "avg": 0.000720525,
            "min": 0.000108,
            "max": 0.000108
        },
        "accepted_packet_rate": {
            "avg": 0.00072045,
            "min": 0.000117,
            "max": 0.000117
        },
        "injected_flit_rate": {
            "avg": 0.00325333,
            "min": 0.000177,
            "max": 0.000177
        },
        "accepted_flit_rate": {
            "avg": 0.00325305,
            "min": 0.000759,
            "max": 0.000759
        },
        "injected_packet_size": {
            "avg": 4.51521
        },
        "accepted_packet_size": {
            "avg": 4.5153
        },
        "hops": {
            "avg": 4.78614
        },
        "total_run_time_cycles": 1000000.0,
        "total_run_time": 528.279
    }
}