{
    "1.0": {
        "packet_latency": {
            "avg": 226.384,
            "min": 13.0,
            "max": 13.0
        },
        "network_latency": {
            "avg": 226.382,
            "min": 13.0,
            "max": 13.0
        },
        "flit_latency": {
            "avg": 213.042,
            "min": 13.0,
            "max": 13.0
        },
        "fragmentation": {
            "avg": 26.1774,
            "min": 0.0,
            "max": 0.0
        },
        "injected_packet_rate": {
            "avg": 0.000758049,
            "min": 0.000161773,
            "max": 0.000161773
        },
        "accepted_packet_rate": {
            "avg": 0.000758049,
            "min": 0.000205913,
            "max": 0.000205913
        },
        "injected_flit_rate": {
            "avg": 0.00359606,
            "min": 0.000459761,
            "max": 0.000459761
        },
        "accepted_flit_rate": {
            "avg": 0.00359606,
            "min": 0.000533934,
            "max": 0.000533934
        },
        "injected_packet_size": {
            "avg": 4.74383
        },
        "accepted_packet_size": {
            "avg": 4.74383
        },
        "hops": {
            "avg": 5.80169
        },
        "total_run_time_cycles": 218985739.0,
        "total_run_time": 7492.41
    }
}