{
    "1.0": {
        "packet_latency": {
            "avg": 207.987,
            "min": 13.0,
            "max": 13.0
        },
        "network_latency": {
            "avg": 207.981,
            "min": 13.0,
            "max": 13.0
        },
        "flit_latency": {
            "avg": 201.642,
            "min": 13.0,
            "max": 13.0
        },
        "fragmentation": {
            "avg": 17.6342,
            "min": 0.0,
            "max": 0.0
        },
        "injected_packet_rate": {
            "avg": 0.00589835,
            "min": 0.00227,
            "max": 0.00227
        },
        "accepted_packet_rate": {
            "avg": 0.0058976,
            "min": 0.002085,
            "max": 0.002085
        },
        "injected_flit_rate": {
            "avg": 0.0205898,
            "min": 0.005502,
            "max": 0.005502
        },
        "accepted_flit_rate": {
            "avg": 0.0205866,
            "min": 0.008063,
            "max": 0.008063
        },
        "injected_packet_size": {
            "avg": 3.49077
        },
        "accepted_packet_size": {
            "avg": 3.49068
        },
        "hops": {
            "avg": 5.47919
        },
        "total_run_time_cycles": 1000000.0,
        "total_run_time": 298.006
    }
}