{
    "1.0": {
        "packet_latency": {
            "avg": 206.98,
            "min": 13.0,
            "max": 13.0
        },
        "network_latency": {
            "avg": 206.977,
            "min": 13.0,
            "max": 13.0
        },
        "flit_latency": {
            "avg": 196.466,
            "min": 13.0,
            "max": 13.0
        },
        "fragmentation": {
            "avg": 23.7882,
            "min": 0.0,
            "max": 0.0
        },
        "injected_packet_rate": {
            "avg": 0.00065545,
            "min": 0.000108,
            "max": 0.000108
        },
        "accepted_packet_rate": {
            "avg": 0.000655375,
            "min": 0.000117,
            "max": 0.000117
        },
        "injected_flit_rate": {
            "avg": 0.00294045,
            "min": 0.000177,
            "max": 0.000177
        },
        "accepted_flit_rate": {
            "avg": 0.00294037,
            "min": 0.000759,
            "max": 0.000759
        },
        "injected_packet_size": {
            "avg": 4.48615
        },
        "accepted_packet_size": {
            "avg": 4.48655
        },
        "hops": {
            "avg": 5.4412
        },
        "total_run_time_cycles": 1000000.0,
        "total_run_time": 524.476
    }
}