{
    "1.0": {
        "packet_latency": {
            "avg": 210.008,
            "min": 13.0,
            "max": 13.0
        },
        "network_latency": {
            "avg": 210.005,
            "min": 13.0,
            "max": 13.0
        },
        "flit_latency": {
            "avg": 200.621,
            "min": 13.0,
            "max": 13.0
        },
        "fragmentation": {
            "avg": 26.2068,
            "min": 0.0,
            "max": 0.0
        },
        "injected_packet_rate": {
            "avg": 0.000789963,
            "min": 0.000168584,
            "max": 0.000168584
        },
        "accepted_packet_rate": {
            "avg": 0.000789963,
            "min": 0.000214582,
            "max": 0.000214582
        },
        "injected_flit_rate": {
            "avg": 0.00374746,
            "min": 0.000479117,
            "max": 0.000479117
        },
        "accepted_flit_rate": {
            "avg": 0.00374746,
            "min": 0.000556414,
            "max": 0.000556414
        },
        "injected_packet_size": {
            "avg": 4.74383
        },
        "accepted_packet_size": {
            "avg": 4.74383
        },
        "hops": {
            "avg": 5.33421
        },
        "total_run_time_cycles": 210138648.0,
        "total_run_time": 7094.08
    }
}