{
    "1.0": {
        "packet_latency": {
            "avg": 169.528,
            "min": 13.0,
            "max": 13.0
        },
        "network_latency": {
            "avg": 169.527,
            "min": 13.0,
            "max": 13.0
        },
        "flit_latency": {
            "avg": 159.792,
            "min": 13.0,
            "max": 13.0
        },
        "fragmentation": {
            "avg": 23.648,
            "min": 0.0,
            "max": 0.0
        },
        "injected_packet_rate": {
            "avg": 0.00074345,
            "min": 0.000109,
            "max": 0.000109
        },
        "accepted_packet_rate": {
            "avg": 0.0007434,
            "min": 0.000119,
            "max": 0.000119
        },
        "injected_flit_rate": {
            "avg": 0.00336265,
            "min": 0.000178,
            "max": 0.000178
        },
        "accepted_flit_rate": {
            "avg": 0.00336222,
            "min": 0.000769,
            "max": 0.000769
        },
        "injected_packet_size": {
            "avg": 4.52303
        },
        "accepted_packet_size": {
            "avg": 4.52277
        },
        "hops": {
            "avg": 4.45934
        },
        "total_run_time_cycles": 1000000.0,
        "total_run_time": 591.941
    }
}