{
    "1.0": {
        "packet_latency": {
            "avg": 176.772,
            "min": 13.0,
            "max": 13.0
        },
        "network_latency": {
            "avg": 176.77,
            "min": 13.0,
            "max": 13.0
        },
        "flit_latency": {
            "avg": 170.881,
            "min": 13.0,
            "max": 13.0
        },
        "fragmentation": {
            "avg": 19.6645,
            "min": 0.0,
            "max": 0.0
        },
        "injected_packet_rate": {
            "avg": 0.000860075,
            "min": 7.1e-05,
            "max": 7.1e-05
        },
        "accepted_packet_rate": {
            "avg": 0.000860025,
            "min": 0.000102,
            "max": 0.000102
        },
        "injected_flit_rate": {
            "avg": 0.00334347,
            "min": 0.000119,
            "max": 0.000119
        },
        "accepted_flit_rate": {
            "avg": 0.00334342,
            "min": 0.000454,
            "max": 0.000454
        },
        "injected_packet_size": {
            "avg": 3.88742
        },
        "accepted_packet_size": {
            "avg": 3.88759
        },
        "hops": {
            "avg": 4.66216
        },
        "total_run_time_cycles": 1000000.0,
        "total_run_time": 22.9556
    }
}