{
    "1.0": {
        "packet_latency": {
            "avg": 192.383,
            "min": 13.0,
            "max": 13.0
        },
        "network_latency": {
            "avg": 192.383,
            "min": 13.0,
            "max": 13.0
        },
        "flit_latency": {
            "avg": 184.287,
            "min": 13.0,
            "max": 13.0
        },
        "fragmentation": {
            "avg": 23.4468,
            "min": 0.0,
            "max": 0.0
        },
        "injected_packet_rate": {
            "avg": 0.000666725,
            "min": 0.000109,
            "max": 0.000109
        },
        "accepted_packet_rate": {
            "avg": 0.000666675,
            "min": 0.000119,
            "max": 0.000119
        },
        "injected_flit_rate": {
            "avg": 0.00298638,
            "min": 0.000178,
            "max": 0.000178
        },
        "accepted_flit_rate": {
            "avg": 0.00298628,
            "min": 0.000769,
            "max": 0.000769
        },
        "injected_packet_size": {
            "avg": 4.47917
        },
        "accepted_packet_size": {
            "avg": 4.47936
        },
        "hops": {
            "avg": 5.11396
        },
        "total_run_time_cycles": 1000000.0,
        "total_run_time": 473.857
    }
}