{
    "1.0": {
        "packet_latency": {
            "avg": 191.309,
            "min": 13.0,
            "max": 13.0
        },
        "network_latency": {
            "avg": 191.308,
            "min": 13.0,
            "max": 13.0
        },
        "flit_latency": {
            "avg": 179.769,
            "min": 13.0,
            "max": 13.0
        },
        "fragmentation": {
            "avg": 25.7359,
            "min": 0.0,
            "max": 0.0
        },
        "injected_packet_rate": {
            "avg": 0.000848522,
            "min": 0.000181081,
            "max": 0.000181081
        },
        "accepted_packet_rate": {
            "avg": 0.000848522,
            "min": 0.000230489,
            "max": 0.000230489
        },
        "injected_flit_rate": {
            "avg": 0.00402525,
            "min": 0.000514633,
            "max": 0.000514633
        },
        "accepted_flit_rate": {
            "avg": 0.00402525,
            "min": 0.00059766,
            "max": 0.00059766
        },
        "injected_packet_size": {
            "avg": 4.74383
        },
        "accepted_packet_size": {
            "avg": 4.74383
        },
        "hops": {
            "avg": 4.92868
        },
        "total_run_time_cycles": 195636329.0,
        "total_run_time": 7334.49
    }
}