{
    "1.0": {
        "packet_latency": {
            "avg": 174.976,
            "min": 13.0,
            "max": 13.0
        },
        "network_latency": {
            "avg": 174.976,
            "min": 13.0,
            "max": 13.0
        },
        "flit_latency": {
            "avg": 163.364,
            "min": 13.0,
            "max": 13.0
        },
        "fragmentation": {
            "avg": 25.7232,
            "min": 0.0,
            "max": 0.0
        },
        "injected_packet_rate": {
            "avg": 0.00111962,
            "min": 0.000238935,
            "max": 0.000238935
        },
        "accepted_packet_rate": {
            "avg": 0.00111962,
            "min": 0.000304128,
            "max": 0.000304128
        },
        "injected_flit_rate": {
            "avg": 0.00531128,
            "min": 0.000679054,
            "max": 0.000679054
        },
        "accepted_flit_rate": {
            "avg": 0.00531128,
            "min": 0.000788607,
            "max": 0.000788607
        },
        "injected_packet_size": {
            "avg": 4.74383
        },
        "accepted_packet_size": {
            "avg": 4.74383
        },
        "hops": {
            "avg": 4.46027
        },
        "total_run_time_cycles": 148266537.0,
        "total_run_time": 6236.09
    }
}