{
    "1.0": {
        "packet_latency": {
            "avg": 174.212,
            "min": 13.0,
            "max": 13.0
        },
        "network_latency": {
            "avg": 174.212,
            "min": 13.0,
            "max": 13.0
        },
        "flit_latency": {
            "avg": 162.478,
            "min": 13.0,
            "max": 13.0
        },
        "fragmentation": {
            "avg": 25.6708,
            "min": 0.0,
            "max": 0.0
        },
        "injected_packet_rate": {
            "avg": 0.000400794,
            "min": 8.55323e-05,
            "max": 8.55323e-05
        },
        "accepted_packet_rate": {
            "avg": 0.000400794,
            "min": 0.00010887,
            "max": 0.00010887
        },
        "injected_flit_rate": {
            "avg": 0.0019013,
            "min": 0.000243084,
            "max": 0.000243084
        },
        "accepted_flit_rate": {
            "avg": 0.0019013,
            "min": 0.000282301,
            "max": 0.000282301
        },
        "injected_packet_size": {
            "avg": 4.74383
        },
        "accepted_packet_size": {
            "avg": 4.74383
        },
        "hops": {
            "avg": 4.46027
        },
        "total_run_time_cycles": 414182569.0,
        "total_run_time": 9435.07
    }
}