{
    "1.0": {
        "packet_latency": {
            "avg": 156.604,
            "min": 13.0,
            "max": 13.0
        },
        "network_latency": {
            "avg": 156.604,
            "min": 13.0,
            "max": 13.0
        },
        "flit_latency": {
            "avg": 143.36,
            "min": 13.0,
            "max": 13.0
        },
        "fragmentation": {
            "avg": 23.6514,
            "min": 0.0,
            "max": 0.0
        },
        "injected_packet_rate": {
            "avg": 0.00073905,
            "min": 0.000109,
            "max": 0.000109
        },
        "accepted_packet_rate": {
            "avg": 0.000738975,
            "min": 0.000119,
            "max": 0.000119
        },
        "injected_flit_rate": {
            "avg": 0.00334225,
            "min": 0.000178,
            "max": 0.000178
        },
        "accepted_flit_rate": {
            "avg": 0.00334215,
            "min": 0.000769,
            "max": 0.000769
        },
        "injected_packet_size": {
            "avg": 4.52236
        },
        "accepted_packet_size": {
            "avg": 4.52268
        },
        "hops": {
            "avg": 4.08708
        },
        "total_run_time_cycles": 1000000.0,
        "total_run_time": 497.855
    }
}