{
    "best_inst": {
        "typ": "heterogeneous",
        "sub_instance": {
            "types": [
                "C",
                "C",
                "C",
                "I",
                "C",
                "C",
                "M",
                "C",
                "C",
                "C",
                "C",
                "C",
                "M",
                "I",
                "M",
                "M",
                "C",
                "C",
                "I",
                "C",
                "C",
                "C",
                "I",
                "C",
                "C",
                "C",
                "C",
                "C",
                "C",
                "C",
                "C",
                "C",
                "C",
                "C",
                "C",
                "C",
                "C",
                "C",
                "C",
                "C"
            ],
            "rotations": [
                0,
                0,
                0,
                90,
                0,
                0,
                90,
                0,
                0,
                0,
                0,
                0,
                0,
                0,
                90,
                90,
                0,
                0,
                90,
                0,
                0,
                0,
                0,
                0,
                0,
                0,
                0,
                0,
                0,
                0,
                0,
                0,
                0,
                0,
                0,
                0,
                0,
                0,
                0,
                0
            ],
            "cost": 7.97696333266418,
            "eval": {
                "c2c_lat": 148.27620967741936,
                "c2c_tp": 0.16080259813051453,
                "c2m_lat": 114.6875,
                "c2m_tp": 0.08473450569038804,
                "c2i_lat": 120.15625,
                "c2i_tp": 0.0822186927655678,
                "m2i_lat": 68.75,
                "m2i_tp": 0.5625000000000001,
                "area": 483
            }
        }
    },
    "updates": [
        [
            0.22389002502313815,
            9.414155080732947
        ],
        [
            4.590166300011333,
            9.148060082840557
        ],
        [
            6.201334700017469,
            8.94751411903722
        ],
        [
            15.519495515007293,
            8.748616080623634
        ],
        [
            106.37080071802484,
            8.642442663046253
        ],
        [
            340.0527040770103,
            8.27657878731768
        ],
        [
            1272.9541743650043,
            8.267000657977013
        ],
        [
            1425.9520084350079,
            8.233029526209652
        ],
        [
            1426.408379702014,
            8.197718821892867
        ],
        [
            1429.1377304190246,
            8.182812831483576
        ],
        [
            2229.7760583660274,
            8.156606178851911
        ],
        [
            2230.219915549009,
            8.15358642304409
        ],
        [
            2782.2632048550004,
            8.125660775613877
        ],
        [
            3448.5364839950053,
            8.079332734835303
        ],
        [
            3460.062379231007,
            8.044885596900704
        ],
        [
            3461.651652778004,
            7.980036296799138
        ],
        [
            3479.9812468870077,
            7.97696333266418
        ]
    ],
    "parameters": {
        "algorithms": [
            "bl",
            "br",
            "ga",
            "sa"
        ],
        "representation": "heterogeneous",
        "time_budget": 3600,
        "repetitions": 10,
        "norm_samples": 500,
        "mutation_mode": "any-one",
        "n_compute": 32,
        "n_memory": 4,
        "n_io": 4,
        "dimensions": {
            "C": [
                3,
                3
            ],
            "M": [
                4,
                5
            ],
            "I": [
                3,
                4
            ]
        },
        "phys": {
            "C": [
                {
                    "pos": [
                        0.2,
                        1.5
                    ]
                },
                {
                    "pos": [
                        2.8,
                        1.5
                    ]
                },
                {
                    "pos": [
                        1.5,
                        0.2
                    ]
                },
                {
                    "pos": [
                        1.5,
                        2.8
                    ]
                }
            ],
            "M": [
                {
                    "pos": [
                        0.2,
                        2.5
                    ]
                },
                {
                    "pos": [
                        3.8,
                        2.5
                    ]
                },
                {
                    "pos": [
                        2.0,
                        0.2
                    ]
                },
                {
                    "pos": [
                        2.0,
                        4.8
                    ]
                }
            ],
            "I": [
                {
                    "pos": [
                        0.2,
                        2.0
                    ]
                },
                {
                    "pos": [
                        2.8,
                        2.0
                    ]
                },
                {
                    "pos": [
                        1.5,
                        0.2
                    ]
                },
                {
                    "pos": [
                        1.5,
                        3.8
                    ]
                }
            ]
        },
        "relay_chiplets": [
            "C",
            "M",
            "I"
        ],
        "dist_type": "euclidean",
        "max_length": 3,
        "L_relay": 10,
        "L_phy": 12,
        "L_link": 1,
        "debug_info": false,
        "debug_frac_sa": 0.05,
        "debug_frac_ga": 0.5,
        "cf_weights": {
            "c2c_lat": 0.1,
            "c2c_tp": 0.1,
            "c2m_lat": 2,
            "c2m_tp": 2,
            "c2i_lat": 0.1,
            "c2i_tp": 0.1,
            "m2i_lat": 2,
            "m2i_tp": 2,
            "area": 2
        },
        "mutation_bias": 0.5,
        "sa_cooling": "lin-mult",
        "sa_adaptive": true,
        "sa_T0": 33,
        "sa_L": 50,
        "sa_a": 1,
        "sa_b": 5,
        "ga_P": 30,
        "ga_E": 6,
        "ga_T": 6,
        "ga_pm": 0.5,
        "ga_sel_fun": "tournament",
        "eval_traces": [
            "blackscholes_64c_simsmall"
        ],
        "experiment": "32cores_hetero",
        "rotation_behaviour": {
            "C": "invariant",
            "M": "hybrid",
            "I": "hybrid"
        },
        "cf_normalizers": {
            "c2c_lat": 134.0106048387096,
            "c2c_tp": 0.17996413931017996,
            "c2m_lat": 131.262734375,
            "c2m_tp": 0.06993280864353875,
            "c2i_lat": 134.069296875,
            "c2i_tp": 0.07577371438540717,
            "m2i_lat": 131.68875,
            "m2i_tp": 0.3530196428571431,
            "area": 515.138
        }
    },
    "n_iterations": 15785
}