{
    "best_inst": {
        "typ": "heterogeneous",
        "sub_instance": {
            "types": [
                "C",
                "C",
                "C",
                "C",
                "C",
                "C",
                "C",
                "C",
                "M",
                "C",
                "C",
                "C",
                "C",
                "C",
                "M",
                "I",
                "C",
                "I",
                "C",
                "C",
                "I",
                "I",
                "C",
                "M",
                "C",
                "M",
                "C",
                "C",
                "C",
                "C",
                "C",
                "C",
                "C",
                "C",
                "C",
                "C",
                "C",
                "C",
                "C",
                "C"
            ],
            "rotations": [
                0,
                0,
                0,
                0,
                0,
                0,
                0,
                0,
                0,
                0,
                0,
                0,
                0,
                0,
                90,
                90,
                0,
                90,
                0,
                0,
                90,
                90,
                0,
                90,
                0,
                0,
                0,
                0,
                0,
                0,
                0,
                0,
                0,
                0,
                0,
                0,
                0,
                0,
                0,
                0
            ],
            "cost": 8.088059487074405,
            "eval": {
                "c2c_lat": 142.56048387096774,
                "c2c_tp": 0.17883570878665478,
                "c2m_lat": 120.703125,
                "c2m_tp": 0.0838956488772665,
                "c2i_lat": 112.2265625,
                "c2i_tp": 0.07408685064935065,
                "m2i_lat": 70.9375,
                "m2i_tp": 0.5729166666666666,
                "area": 484
            }
        }
    },
    "updates": [
        [
            0.229168823978398,
            10.469878961456788
        ],
        [
            0.2291751699813176,
            9.058440644662083
        ],
        [
            35.76141969198943,
            8.774646793182452
        ],
        [
            58.4865605289815,
            8.635080397141977
        ],
        [
            59.16715392598417,
            8.629419357309244
        ],
        [
            226.69761956998263,
            8.578727265173155
        ],
        [
            239.89005781000014,
            8.55100384431024
        ],
        [
            723.9019999179873,
            8.520109531343145
        ],
        [
            1059.1860079789767,
            8.38261516652716
        ],
        [
            1225.6148200509779,
            8.350687242086371
        ],
        [
            2075.712466011988,
            8.285631797113142
        ],
        [
            2080.3100985929777,
            8.088059487074405
        ]
    ],
    "parameters": {
        "algorithms": [
            "bl",
            "br",
            "ga",
            "sa"
        ],
        "representation": "heterogeneous",
        "time_budget": 3600,
        "repetitions": 10,
        "norm_samples": 500,
        "mutation_mode": "any-one",
        "n_compute": 32,
        "n_memory": 4,
        "n_io": 4,
        "dimensions": {
            "C": [
                3,
                3
            ],
            "M": [
                4,
                5
            ],
            "I": [
                3,
                4
            ]
        },
        "phys": {
            "C": [
                {
                    "pos": [
                        0.2,
                        1.5
                    ]
                },
                {
                    "pos": [
                        2.8,
                        1.5
                    ]
                },
                {
                    "pos": [
                        1.5,
                        0.2
                    ]
                },
                {
                    "pos": [
                        1.5,
                        2.8
                    ]
                }
            ],
            "M": [
                {
                    "pos": [
                        0.2,
                        2.5
                    ]
                },
                {
                    "pos": [
                        3.8,
                        2.5
                    ]
                },
                {
                    "pos": [
                        2.0,
                        0.2
                    ]
                },
                {
                    "pos": [
                        2.0,
                        4.8
                    ]
                }
            ],
            "I": [
                {
                    "pos": [
                        0.2,
                        2.0
                    ]
                },
                {
                    "pos": [
                        2.8,
                        2.0
                    ]
                },
                {
                    "pos": [
                        1.5,
                        0.2
                    ]
                },
                {
                    "pos": [
                        1.5,
                        3.8
                    ]
                }
            ]
        },
        "relay_chiplets": [
            "C",
            "M",
            "I"
        ],
        "dist_type": "euclidean",
        "max_length": 3,
        "L_relay": 10,
        "L_phy": 12,
        "L_link": 1,
        "debug_info": false,
        "debug_frac_sa": 0.05,
        "debug_frac_ga": 0.5,
        "cf_weights": {
            "c2c_lat": 0.1,
            "c2c_tp": 0.1,
            "c2m_lat": 2,
            "c2m_tp": 2,
            "c2i_lat": 0.1,
            "c2i_tp": 0.1,
            "m2i_lat": 2,
            "m2i_tp": 2,
            "area": 2
        },
        "mutation_bias": 0.5,
        "sa_cooling": "lin-mult",
        "sa_adaptive": true,
        "sa_T0": 33,
        "sa_L": 50,
        "sa_a": 1,
        "sa_b": 5,
        "ga_P": 30,
        "ga_E": 6,
        "ga_T": 6,
        "ga_pm": 0.5,
        "ga_sel_fun": "tournament",
        "eval_traces": [
            "blackscholes_64c_simsmall"
        ],
        "experiment": "32cores_hetero",
        "rotation_behaviour": {
            "C": "invariant",
            "M": "hybrid",
            "I": "hybrid"
        },
        "cf_normalizers": {
            "c2c_lat": 134.0106048387096,
            "c2c_tp": 0.17996413931017996,
            "c2m_lat": 131.262734375,
            "c2m_tp": 0.06993280864353875,
            "c2i_lat": 134.069296875,
            "c2i_tp": 0.07577371438540717,
            "m2i_lat": 131.68875,
            "m2i_tp": 0.3530196428571431,
            "area": 515.138
        }
    },
    "n_iterations": 15783
}