{
    "best_inst": {
        "typ": "heterogeneous",
        "sub_instance": {
            "types": [
                "C",
                "C",
                "C",
                "C",
                "C",
                "C",
                "C",
                "C",
                "C",
                "C",
                "M",
                "I",
                "C",
                "M",
                "C",
                "C",
                "C",
                "C",
                "M",
                "C",
                "C",
                "I",
                "C",
                "I",
                "C",
                "C",
                "C",
                "C",
                "C",
                "M",
                "C",
                "C",
                "C",
                "I",
                "C",
                "C",
                "C",
                "C",
                "C",
                "C"
            ],
            "rotations": [
                0,
                0,
                0,
                0,
                0,
                0,
                0,
                0,
                0,
                0,
                90,
                0,
                0,
                0,
                0,
                0,
                0,
                0,
                0,
                0,
                0,
                90,
                0,
                0,
                0,
                0,
                0,
                0,
                0,
                0,
                0,
                0,
                0,
                0,
                0,
                0,
                0,
                0,
                0,
                0
            ],
            "cost": 8.007655003295232,
            "eval": {
                "c2c_lat": 140.7258064516129,
                "c2c_tp": 0.17278417883457503,
                "c2m_lat": 123.4375,
                "c2m_tp": 0.09894452335858586,
                "c2i_lat": 123.1640625,
                "c2i_tp": 0.09549794823232323,
                "m2i_lat": 92.8125,
                "m2i_tp": 0.625,
                "area": 462
            }
        }
    },
    "updates": [
        [
            0.22609937499510124,
            10.392577942464115
        ],
        [
            0.22610538598382846,
            9.395042077432016
        ],
        [
            1.5878998580155894,
            9.199943517038845
        ],
        [
            5.939480644010473,
            9.135163828204368
        ],
        [
            11.895472361007705,
            8.91642448947438
        ],
        [
            56.80129641800886,
            8.65823657102587
        ],
        [
            140.07209609099664,
            8.538439753195625
        ],
        [
            268.15284233301645,
            8.499361137513251
        ],
        [
            268.61083460302325,
            8.438669145802328
        ],
        [
            269.31115529098315,
            8.379750282460636
        ],
        [
            699.8751484520035,
            8.372112065372317
        ],
        [
            1370.633892501006,
            8.370653774835423
        ],
        [
            1550.5503793550306,
            8.359924731395669
        ],
        [
            1560.797357854026,
            8.120831034695772
        ],
        [
            2031.1607903540134,
            8.032597394771535
        ],
        [
            2586.762294553977,
            8.007655003295232
        ]
    ],
    "parameters": {
        "algorithms": [
            "bl",
            "br",
            "ga",
            "sa"
        ],
        "representation": "heterogeneous",
        "time_budget": 3600,
        "repetitions": 10,
        "norm_samples": 500,
        "mutation_mode": "any-one",
        "n_compute": 32,
        "n_memory": 4,
        "n_io": 4,
        "dimensions": {
            "C": [
                3,
                3
            ],
            "M": [
                4,
                5
            ],
            "I": [
                3,
                4
            ]
        },
        "phys": {
            "C": [
                {
                    "pos": [
                        0.2,
                        1.5
                    ]
                },
                {
                    "pos": [
                        2.8,
                        1.5
                    ]
                },
                {
                    "pos": [
                        1.5,
                        0.2
                    ]
                },
                {
                    "pos": [
                        1.5,
                        2.8
                    ]
                }
            ],
            "M": [
                {
                    "pos": [
                        0.2,
                        2.5
                    ]
                },
                {
                    "pos": [
                        3.8,
                        2.5
                    ]
                },
                {
                    "pos": [
                        2.0,
                        0.2
                    ]
                },
                {
                    "pos": [
                        2.0,
                        4.8
                    ]
                }
            ],
            "I": [
                {
                    "pos": [
                        0.2,
                        2.0
                    ]
                },
                {
                    "pos": [
                        2.8,
                        2.0
                    ]
                },
                {
                    "pos": [
                        1.5,
                        0.2
                    ]
                },
                {
                    "pos": [
                        1.5,
                        3.8
                    ]
                }
            ]
        },
        "relay_chiplets": [
            "C",
            "M",
            "I"
        ],
        "dist_type": "euclidean",
        "max_length": 3,
        "L_relay": 10,
        "L_phy": 12,
        "L_link": 1,
        "debug_info": false,
        "debug_frac_sa": 0.05,
        "debug_frac_ga": 0.5,
        "cf_weights": {
            "c2c_lat": 0.1,
            "c2c_tp": 0.1,
            "c2m_lat": 2,
            "c2m_tp": 2,
            "c2i_lat": 0.1,
            "c2i_tp": 0.1,
            "m2i_lat": 2,
            "m2i_tp": 2,
            "area": 2
        },
        "mutation_bias": 0.5,
        "sa_cooling": "lin-mult",
        "sa_adaptive": true,
        "sa_T0": 33,
        "sa_L": 50,
        "sa_a": 1,
        "sa_b": 5,
        "ga_P": 30,
        "ga_E": 6,
        "ga_T": 6,
        "ga_pm": 0.5,
        "ga_sel_fun": "tournament",
        "eval_traces": [
            "blackscholes_64c_simsmall"
        ],
        "experiment": "32cores_hetero",
        "rotation_behaviour": {
            "C": "invariant",
            "M": "hybrid",
            "I": "hybrid"
        },
        "cf_normalizers": {
            "c2c_lat": 134.0106048387096,
            "c2c_tp": 0.17996413931017996,
            "c2m_lat": 131.262734375,
            "c2m_tp": 0.06993280864353875,
            "c2i_lat": 134.069296875,
            "c2i_tp": 0.07577371438540717,
            "m2i_lat": 131.68875,
            "m2i_tp": 0.3530196428571431,
            "area": 515.138
        }
    },
    "n_iterations": 15779
}