{
    "best_inst": {
        "typ": "heterogeneous",
        "sub_instance": {
            "types": [
                "C",
                "C",
                "C",
                "C",
                "C",
                "M",
                "C",
                "C",
                "I",
                "C",
                "C",
                "C",
                "C",
                "M",
                "C",
                "M",
                "I",
                "C",
                "C",
                "C",
                "M",
                "C",
                "I",
                "C",
                "C",
                "I",
                "C",
                "C",
                "C",
                "C",
                "C",
                "C",
                "C",
                "C",
                "C",
                "C",
                "C",
                "C",
                "C",
                "C"
            ],
            "rotations": [
                0,
                0,
                0,
                0,
                0,
                90,
                0,
                0,
                90,
                0,
                0,
                0,
                0,
                90,
                0,
                90,
                90,
                0,
                0,
                0,
                0,
                0,
                0,
                0,
                0,
                0,
                0,
                0,
                0,
                0,
                0,
                0,
                0,
                0,
                0,
                0,
                0,
                0,
                0,
                0
            ],
            "cost": 7.664933204836629,
            "eval": {
                "c2c_lat": 148.20564516129033,
                "c2c_tp": 0.1775231152935108,
                "c2m_lat": 116.0546875,
                "c2m_tp": 0.09019901539432784,
                "c2i_lat": 113.8671875,
                "c2i_tp": 0.07835756461675579,
                "m2i_lat": 60.0,
                "m2i_tp": 0.53125,
                "area": 441
            }
        }
    },
    "updates": [
        [
            0.22841572502511553,
            10.303569253493297
        ],
        [
            0.22842182501335628,
            10.25523007142257
        ],
        [
            0.45867823500884697,
            9.909137096287274
        ],
        [
            0.9121647720166948,
            9.552828287139432
        ],
        [
            5.937898767006118,
            9.488436800105758
        ],
        [
            6.1613146330055315,
            9.205395579733196
        ],
        [
            6.389218936004909,
            9.177983957109367
        ],
        [
            6.626550457003759,
            9.146393493268873
        ],
        [
            6.853277440008242,
            9.060979487701433
        ],
        [
            21.43048591702245,
            8.741628532627729
        ],
        [
            69.26520537800388,
            8.687943717148368
        ],
        [
            108.0097256200097,
            8.639473016448608
        ],
        [
            185.50623645001906,
            8.578703608801463
        ],
        [
            389.12072785402415,
            8.525378177963127
        ],
        [
            673.4283439319988,
            8.521835278691734
        ],
        [
            854.997268140025,
            8.428418703643237
        ],
        [
            870.4408460580162,
            8.349341737866492
        ],
        [
            870.9058780310152,
            8.266002026379814
        ],
        [
            871.8065767960215,
            7.988666895724958
        ],
        [
            2474.215920092014,
            7.916972491357939
        ],
        [
            2494.167463561025,
            7.779361636722626
        ],
        [
            2501.918354116002,
            7.664933204836629
        ]
    ],
    "parameters": {
        "algorithms": [
            "bl",
            "br",
            "ga",
            "sa"
        ],
        "representation": "heterogeneous",
        "time_budget": 3600,
        "repetitions": 10,
        "norm_samples": 500,
        "mutation_mode": "any-one",
        "n_compute": 32,
        "n_memory": 4,
        "n_io": 4,
        "dimensions": {
            "C": [
                3,
                3
            ],
            "M": [
                4,
                5
            ],
            "I": [
                3,
                4
            ]
        },
        "phys": {
            "C": [
                {
                    "pos": [
                        0.2,
                        1.5
                    ]
                },
                {
                    "pos": [
                        2.8,
                        1.5
                    ]
                },
                {
                    "pos": [
                        1.5,
                        0.2
                    ]
                },
                {
                    "pos": [
                        1.5,
                        2.8
                    ]
                }
            ],
            "M": [
                {
                    "pos": [
                        0.2,
                        2.5
                    ]
                },
                {
                    "pos": [
                        3.8,
                        2.5
                    ]
                },
                {
                    "pos": [
                        2.0,
                        0.2
                    ]
                },
                {
                    "pos": [
                        2.0,
                        4.8
                    ]
                }
            ],
            "I": [
                {
                    "pos": [
                        0.2,
                        2.0
                    ]
                },
                {
                    "pos": [
                        2.8,
                        2.0
                    ]
                },
                {
                    "pos": [
                        1.5,
                        0.2
                    ]
                },
                {
                    "pos": [
                        1.5,
                        3.8
                    ]
                }
            ]
        },
        "relay_chiplets": [
            "C",
            "M",
            "I"
        ],
        "dist_type": "euclidean",
        "max_length": 3,
        "L_relay": 10,
        "L_phy": 12,
        "L_link": 1,
        "debug_info": false,
        "debug_frac_sa": 0.05,
        "debug_frac_ga": 0.5,
        "cf_weights": {
            "c2c_lat": 0.1,
            "c2c_tp": 0.1,
            "c2m_lat": 2,
            "c2m_tp": 2,
            "c2i_lat": 0.1,
            "c2i_tp": 0.1,
            "m2i_lat": 2,
            "m2i_tp": 2,
            "area": 2
        },
        "mutation_bias": 0.5,
        "sa_cooling": "lin-mult",
        "sa_adaptive": true,
        "sa_T0": 33,
        "sa_L": 50,
        "sa_a": 1,
        "sa_b": 5,
        "ga_P": 30,
        "ga_E": 6,
        "ga_T": 6,
        "ga_pm": 0.5,
        "ga_sel_fun": "tournament",
        "eval_traces": [
            "blackscholes_64c_simsmall"
        ],
        "experiment": "32cores_hetero",
        "rotation_behaviour": {
            "C": "invariant",
            "M": "hybrid",
            "I": "hybrid"
        },
        "cf_normalizers": {
            "c2c_lat": 134.0106048387096,
            "c2c_tp": 0.17996413931017996,
            "c2m_lat": 131.262734375,
            "c2m_tp": 0.06993280864353875,
            "c2i_lat": 134.069296875,
            "c2i_tp": 0.07577371438540717,
            "m2i_lat": 131.68875,
            "m2i_tp": 0.3530196428571431,