{
    "best_inst": {
        "typ": "heterogeneous",
        "sub_instance": {
            "types": [
                "C",
                "C",
                "C",
                "C",
                "C",
                "C",
                "C",
                "C",
                "M",
                "C",
                "C",
                "C",
                "C",
                "I",
                "M",
                "C",
                "C",
                "C",
                "C",
                "C",
                "M",
                "I",
                "C",
                "C",
                "C",
                "C",
                "I",
                "C",
                "C",
                "C",
                "I",
                "C",
                "M",
                "C",
                "C",
                "C",
                "C",
                "C",
                "C",
                "C"
            ],
            "rotations": [
                0,
                0,
                0,
                0,
                0,
                0,
                0,
                0,
                90,
                0,
                0,
                0,
                0,
                90,
                90,
                0,
                0,
                0,
                0,
                0,
                90,
                90,
                0,
                0,
                0,
                0,
                0,
                0,
                0,
                0,
                0,
                0,
                0,
                0,
                0,
                0,
                0,
                0,
                0,
                0
            ],
            "cost": 7.958900488881637,
            "eval": {
                "c2c_lat": 142.1370967741935,
                "c2c_tp": 0.1796481107359877,
                "c2m_lat": 122.0703125,
                "c2m_tp": 0.08231353001573591,
                "c2i_lat": 130.8203125,
                "c2i_tp": 0.07411024305555557,
                "m2i_lat": 66.5625,
                "m2i_tp": 0.59375,
                "area": 462
            }
        }
    },
    "updates": [
        [
            0.2215042799944058,
            10.995301678046303
        ],
        [
            0.2215105359791778,
            9.839639095601765
        ],
        [
            1.1071769979898818,
            9.830371931913358
        ],
        [
            1.5711826980113983,
            9.783532070193392
        ],
        [
            1.798905042000115,
            9.646946109106185
        ],
        [
            2.2515732659958303,
            9.319619461140565
        ],
        [
            2.7068699289811775,
            9.25186112425192
        ],
        [
            5.910810954985209,
            8.964242266165245
        ],
        [
            25.610746354970615,
            8.889168743456795
        ],
        [
            195.71092912898166,
            8.818808106697448
        ],
        [
            211.6145318649942,
            8.732649116520022
        ],
        [
            213.44231020100415,
            8.101606556498565
        ],
        [
            3319.379204616009,
            7.958900488881637
        ]
    ],
    "parameters": {
        "algorithms": [
            "bl",
            "br",
            "ga",
            "sa"
        ],
        "representation": "heterogeneous",
        "time_budget": 3600,
        "repetitions": 10,
        "norm_samples": 500,
        "mutation_mode": "any-one",
        "n_compute": 32,
        "n_memory": 4,
        "n_io": 4,
        "dimensions": {
            "C": [
                3,
                3
            ],
            "M": [
                4,
                5
            ],
            "I": [
                3,
                4
            ]
        },
        "phys": {
            "C": [
                {
                    "pos": [
                        0.2,
                        1.5
                    ]
                },
                {
                    "pos": [
                        2.8,
                        1.5
                    ]
                },
                {
                    "pos": [
                        1.5,
                        0.2
                    ]
                },
                {
                    "pos": [
                        1.5,
                        2.8
                    ]
                }
            ],
            "M": [
                {
                    "pos": [
                        0.2,
                        2.5
                    ]
                },
                {
                    "pos": [
                        3.8,
                        2.5
                    ]
                },
                {
                    "pos": [
                        2.0,
                        0.2
                    ]
                },
                {
                    "pos": [
                        2.0,
                        4.8
                    ]
                }
            ],
            "I": [
                {
                    "pos": [
                        0.2,
                        2.0
                    ]
                },
                {
                    "pos": [
                        2.8,
                        2.0
                    ]
                },
                {
                    "pos": [
                        1.5,
                        0.2
                    ]
                },
                {
                    "pos": [
                        1.5,
                        3.8
                    ]
                }
            ]
        },
        "relay_chiplets": [
            "C",
            "M",
            "I"
        ],
        "dist_type": "euclidean",
        "max_length": 3,
        "L_relay": 10,
        "L_phy": 12,
        "L_link": 1,
        "debug_info": false,
        "debug_frac_sa": 0.05,
        "debug_frac_ga": 0.5,
        "cf_weights": {
            "c2c_lat": 0.1,
            "c2c_tp": 0.1,
            "c2m_lat": 2,
            "c2m_tp": 2,
            "c2i_lat": 0.1,
            "c2i_tp": 0.1,
            "m2i_lat": 2,
            "m2i_tp": 2,
            "area": 2
        },
        "mutation_bias": 0.5,
        "sa_cooling": "lin-mult",
        "sa_adaptive": true,
        "sa_T0": 33,
        "sa_L": 50,
        "sa_a": 1,
        "sa_b": 5,
        "ga_P": 30,
        "ga_E": 6,
        "ga_T": 6,
        "ga_pm": 0.5,
        "ga_sel_fun": "tournament",
        "eval_traces": [
            "blackscholes_64c_simsmall"
        ],
        "experiment": "32cores_hetero",
        "rotation_behaviour": {
            "C": "invariant",
            "M": "hybrid",
            "I": "hybrid"
        },
        "cf_normalizers": {
            "c2c_lat": 134.0106048387096,
            "c2c_tp": 0.17996413931017996,
            "c2m_lat": 131.262734375,
            "c2m_tp": 0.06993280864353875,
            "c2i_lat": 134.069296875,
            "c2i_tp": 0.07577371438540717,
            "m2i_lat": 131.68875,
            "m2i_tp": 0.3530196428571431,
            "area": 515.138
        }
    },
    "n_iterations": 15787
}