{
    "best_inst": {
        "typ": "heterogeneous",
        "sub_instance": {
            "types": [
                "C",
                "C",
                "C",
                "C",
                "C",
                "M",
                "C",
                "I",
                "I",
                "C",
                "C",
                "C",
                "M",
                "M",
                "I",
                "C",
                "C",
                "C",
                "C",
                "M",
                "C",
                "C",
                "I",
                "C",
                "C",
                "C",
                "C",
                "C",
                "C",
                "C",
                "C",
                "C",
                "C",
                "C",
                "C",
                "C",
                "C",
                "C",
                "C",
                "C"
            ],
            "rotations": [
                0,
                0,
                0,
                0,
                0,
                0,
                0,
                0,
                90,
                0,
                0,
                0,
                0,
                0,
                0,
                0,
                0,
                0,
                0,
                90,
                0,
                0,
                90,
                0,
                0,
                0,
                0,
                0,
                0,
                0,
                0,
                0,
                0,
                0,
                0,
                0,
                0,
                0,
                0,
                0
            ],
            "cost": 7.789001748654945,
            "eval": {
                "c2c_lat": 148.2762096774194,
                "c2c_tp": 0.17091303017319354,
                "c2m_lat": 116.875,
                "c2m_tp": 0.09286954365079365,
                "c2i_lat": 118.2421875,
                "c2i_tp": 0.07759796626984128,
                "m2i_lat": 64.375,
                "m2i_tp": 0.53125,
                "area": 462
            }
        }
    },
    "updates": [
        [
            16.215794909046963,
            9.326907071874937
        ],
        [
            16.215794909046963,
            9.14814472117266
        ],
        [
            25.174801787012257,
            9.098498332582833
        ],
        [
            25.174801787012257,
            8.852687657032497
        ],
        [
            52.28629112901399,
            8.514317042776142
        ],
        [
            87.69785363599658,
            8.469588401091945
        ],
        [
            158.07540185103426,
            8.399667639273366
        ],
        [
            176.44509864301654,
            8.380628063870931
        ],
        [
            278.35417594003957,
            8.342434334332554
        ],
        [
            278.35417594003957,
            8.186665347961803
        ],
        [
            354.27714369399473,
            8.174982207079468
        ],
        [
            381.4965196319972,
            8.174544985430332
        ],
        [
            390.0576000310248,
            8.1514220834857
        ],
        [
            390.0576000310248,
            8.12897860632851
        ],
        [
            428.3932000650093,
            8.09087855622926
        ],
        [
            428.3932000650093,
            8.037985414402241
        ],
        [
            447.30190123501234,
            7.990220109360019
        ],
        [
            457.9150558170513,
            7.870354651965666
        ],
        [
            894.7450907120365,
            7.852054907583636
        ],
        [
            913.5201735059964,
            7.813071695894736
        ],
        [
            1256.9262829810032,
            7.80010542472723
        ],
        [
            1330.5222615670064,
            7.789001748654945
        ]
    ],
    "parameters": {
        "algorithms": [
            "bl",
            "br",
            "ga",
            "sa"
        ],
        "representation": "heterogeneous",
        "time_budget": 3600,
        "repetitions": 10,
        "norm_samples": 500,
        "mutation_mode": "any-one",
        "n_compute": 32,
        "n_memory": 4,
        "n_io": 4,
        "dimensions": {
            "C": [
                3,
                3
            ],
            "M": [
                4,
                5
            ],
            "I": [
                3,
                4
            ]
        },
        "phys": {
            "C": [
                {
                    "pos": [
                        0.2,
                        1.5
                    ]
                },
                {
                    "pos": [
                        2.8,
                        1.5
                    ]
                },
                {
                    "pos": [
                        1.5,
                        0.2
                    ]
                },
                {
                    "pos": [
                        1.5,
                        2.8
                    ]
                }
            ],
            "M": [
                {
                    "pos": [
                        0.2,
                        2.5
                    ]
                },
                {
                    "pos": [
                        3.8,
                        2.5
                    ]
                },
                {
                    "pos": [
                        2.0,
                        0.2
                    ]
                },
                {
                    "pos": [
                        2.0,
                        4.8
                    ]
                }
            ],
            "I": [
                {
                    "pos": [
                        0.2,
                        2.0
                    ]
                },
                {
                    "pos": [
                        2.8,
                        2.0
                    ]
                },
                {
                    "pos": [
                        1.5,
                        0.2
                    ]
                },
                {
                    "pos": [
                        1.5,
                        3.8
                    ]
                }
            ]
        },
        "relay_chiplets": [
            "C",
            "M",
            "I"
        ],
        "dist_type": "euclidean",
        "max_length": 3,
        "L_relay": 10,
        "L_phy": 12,
        "L_link": 1,
        "debug_info": false,
        "debug_frac_sa": 0.05,
        "debug_frac_ga": 0.5,
        "cf_weights": {
            "c2c_lat": 0.1,
            "c2c_tp": 0.1,
            "c2m_lat": 2,
            "c2m_tp": 2,
            "c2i_lat": 0.1,
            "c2i_tp": 0.1,
            "m2i_lat": 2,
            "m2i_tp": 2,
            "area": 2
        },
        "mutation_bias": 0.5,
        "sa_cooling": "lin-mult",
        "sa_adaptive": true,
        "sa_T0": 33,
        "sa_L": 50,
        "sa_a": 1,
        "sa_b": 5,
        "ga_P": 30,
        "ga_E": 6,
        "ga_T": 6,
        "ga_pm": 0.5,
        "ga_sel_fun": "tournament",
        "eval_traces": [
            "blackscholes_64c_simsmall"
        ],
        "experiment": "32cores_hetero",
        "rotation_behaviour": {
            "C": "invariant",
            "M": "hybrid",
            "I": "hybrid"
        },
        "cf_normalizers": {
            "c2c_lat": 134.0106048387096,
            "c2c_tp": 0.17996413931017996,
            "c2m_lat": 131.262734375,
            "c2m_tp": 0.06993280864353875,
            "c2i_lat": 134.069296875,
            "c2i_tp": 0.07577371438540717,
            "m2i_lat": 131.68875,
            "m2i_tp": 0.3530196428571431,