{
    "best_inst": {
        "typ": "heterogeneous",
        "sub_instance": {
            "types": [
                "C",
                "C",
                "C",
                "I",
                "C",
                "C",
                "C",
                "M",
                "C",
                "C",
                "M",
                "C",
                "C",
                "C",
                "C",
                "C",
                "C",
                "M",
                "C",
                "C",
                "I",
                "M",
                "I",
                "C",
                "C",
                "C",
                "C",
                "C",
                "C",
                "C",
                "C",
                "C",
                "C",
                "C",
                "C",
                "C",
                "I",
                "C",
                "C",
                "C"
            ],
            "rotations": [
                0,
                0,
                0,
                0,
                0,
                0,
                0,
                90,
                0,
                0,
                90,
                0,
                0,
                0,
                0,
                0,
                0,
                90,
                0,
                0,
                0,
                0,
                90,
                0,
                0,
                0,
                0,
                0,
                0,
                0,
                0,
                0,
                0,
                0,
                0,
                0,
                0,
                0,
                0,
                0
            ],
            "cost": 8.228919191575255,
            "eval": {
                "c2c_lat": 145.31249999999997,
                "c2c_tp": 0.17161436844857245,
                "c2m_lat": 114.140625,
                "c2m_tp": 0.09153509251165504,
                "c2i_lat": 128.359375,
                "c2i_tp": 0.09524147727272729,
                "m2i_lat": 95.0,
                "m2i_tp": 0.5625,
                "area": 483
            }
        }
    },
    "updates": [
        [
            0.22279256902402267,
            12.507738439707655
        ],
        [
            0.45039769902359694,
            10.342691320855305
        ],
        [
            0.8992386910249479,
            10.022659007624659
        ],
        [
            1.1349044580128975,
            9.670427247722172
        ],
        [
            1.8161741070216522,
            9.220607073439176
        ],
        [
            33.36638306902023,
            9.215753022996301
        ],
        [
            35.420490423974115,
            8.966344730216179
        ],
        [
            72.98281285702251,
            8.966161613576093
        ],
        [
            88.52847928798292,
            8.84927445466666
        ],
        [
            91.508824302,
            8.781962136125319
        ],
        [
            104.78169418202015,
            8.606430035761777
        ],
        [
            117.35885997099103,
            8.54252740630923
        ],
        [
            402.401259027014,
            8.324726620840652
        ],
        [
            2211.018901680014,
            8.318851658576557
        ],
        [
            3561.4736301330267,
            8.228919191575255
        ]
    ],
    "parameters": {
        "algorithms": [
            "bl",
            "br",
            "ga",
            "sa"
        ],
        "representation": "heterogeneous",
        "time_budget": 3600,
        "repetitions": 10,
        "norm_samples": 500,
        "mutation_mode": "any-one",
        "n_compute": 32,
        "n_memory": 4,
        "n_io": 4,
        "dimensions": {
            "C": [
                3,
                3
            ],
            "M": [
                4,
                5
            ],
            "I": [
                3,
                4
            ]
        },
        "phys": {
            "C": [
                {
                    "pos": [
                        0.2,
                        1.5
                    ]
                },
                {
                    "pos": [
                        2.8,
                        1.5
                    ]
                },
                {
                    "pos": [
                        1.5,
                        0.2
                    ]
                },
                {
                    "pos": [
                        1.5,
                        2.8
                    ]
                }
            ],
            "M": [
                {
                    "pos": [
                        0.2,
                        2.5
                    ]
                },
                {
                    "pos": [
                        3.8,
                        2.5
                    ]
                },
                {
                    "pos": [
                        2.0,
                        0.2
                    ]
                },
                {
                    "pos": [
                        2.0,
                        4.8
                    ]
                }
            ],
            "I": [
                {
                    "pos": [
                        0.2,
                        2.0
                    ]
                },
                {
                    "pos": [
                        2.8,
                        2.0
                    ]
                },
                {
                    "pos": [
                        1.5,
                        0.2
                    ]
                },
                {
                    "pos": [
                        1.5,
                        3.8
                    ]
                }
            ]
        },
        "relay_chiplets": [
            "C",
            "M",
            "I"
        ],
        "dist_type": "euclidean",
        "max_length": 3,
        "L_relay": 10,
        "L_phy": 12,
        "L_link": 1,
        "debug_info": false,
        "debug_frac_sa": 0.05,
        "debug_frac_ga": 0.5,
        "cf_weights": {
            "c2c_lat": 0.1,
            "c2c_tp": 0.1,
            "c2m_lat": 2,
            "c2m_tp": 2,
            "c2i_lat": 0.1,
            "c2i_tp": 0.1,
            "m2i_lat": 2,
            "m2i_tp": 2,
            "area": 2
        },
        "mutation_bias": 0.5,
        "sa_cooling": "lin-mult",
        "sa_adaptive": true,
        "sa_T0": 33,
        "sa_L": 50,
        "sa_a": 1,
        "sa_b": 5,
        "ga_P": 30,
        "ga_E": 6,
        "ga_T": 6,
        "ga_pm": 0.5,
        "ga_sel_fun": "tournament",
        "eval_traces": [
            "blackscholes_64c_simsmall"
        ],
        "experiment": "32cores_hetero",
        "rotation_behaviour": {
            "C": "invariant",
            "M": "hybrid",
            "I": "hybrid"
        },
        "cf_normalizers": {
            "c2c_lat": 134.0106048387096,
            "c2c_tp": 0.17996413931017996,
            "c2m_lat": 131.262734375,
            "c2m_tp": 0.06993280864353875,
            "c2i_lat": 134.069296875,
            "c2i_tp": 0.07577371438540717,
            "m2i_lat": 131.68875,
            "m2i_tp": 0.3530196428571431,
            "area": 515.138
        }
    },
    "n_generated": 15747
}