{
    "best_inst": {
        "typ": "heterogeneous",
        "sub_instance": {
            "types": [
                "C",
                "C",
                "C",
                "C",
                "C",
                "C",
                "C",
                "C",
                "C",
                "C",
                "C",
                "I",
                "M",
                "C",
                "C",
                "I",
                "C",
                "M",
                "C",
                "C",
                "M",
                "C",
                "C",
                "C",
                "M",
                "C",
                "C",
                "C",
                "I",
                "C",
                "C",
                "I",
                "C",
                "C",
                "C",
                "C",
                "C",
                "C",
                "C",
                "C"
            ],
            "rotations": [
                0,
                0,
                0,
                0,
                0,
                0,
                0,
                0,
                0,
                0,
                0,
                0,
                0,
                0,
                0,
                0,
                0,
                90,
                0,
                0,
                0,
                0,
                0,
                0,
                90,
                0,
                0,
                0,
                0,
                0,
                0,
                0,
                0,
                0,
                0,
                0,
                0,
                0,
                0,
                0
            ],
            "cost": 8.208365187942833,
            "eval": {
                "c2c_lat": 140.93749999999997,
                "c2c_tp": 0.18238057663250384,
                "c2m_lat": 123.4375,
                "c2m_tp": 0.08807508680555558,
                "c2i_lat": 121.25,
                "c2i_tp": 0.0723913022741148,
                "m2i_lat": 81.875,
                "m2i_tp": 0.5416666666666666,
                "area": 462
            }
        }
    },
    "updates": [
        [
            0.24277926195645705,
            11.31906727317427
        ],
        [
            0.4686617709812708,
            10.448488390311773
        ],
        [
            1.140696037968155,
            9.836357336609508
        ],
        [
            1.362883185967803,
            9.555642799885307
        ],
        [
            3.1805148649727926,
            9.262830057559551
        ],
        [
            9.80202169396216,
            9.215455169946917
        ],
        [
            20.104933940980118,
            9.108053635613818
        ],
        [
            24.4508597899694,
            8.916841973360219
        ],
        [
            71.71805176197086,
            8.861132092204445
        ],
        [
            96.63054349500453,
            8.677284472640089
        ],
        [
            138.45423935097642,
            8.654799203330969
        ],
        [
            609.8715676519787,
            8.629981468883804
        ],
        [
            726.7801808989607,
            8.394687153189647
        ],
        [
            896.6458640329656,
            8.285959145314795
        ],
        [
            2421.3443028620095,
            8.208365187942833
        ]
    ],
    "parameters": {
        "algorithms": [
            "bl",
            "br",
            "ga",
            "sa"
        ],
        "representation": "heterogeneous",
        "time_budget": 3600,
        "repetitions": 10,
        "norm_samples": 500,
        "mutation_mode": "any-one",
        "n_compute": 32,
        "n_memory": 4,
        "n_io": 4,
        "dimensions": {
            "C": [
                3,
                3
            ],
            "M": [
                4,
                5
            ],
            "I": [
                3,
                4
            ]
        },
        "phys": {
            "C": [
                {
                    "pos": [
                        0.2,
                        1.5
                    ]
                },
                {
                    "pos": [
                        2.8,
                        1.5
                    ]
                },
                {
                    "pos": [
                        1.5,
                        0.2
                    ]
                },
                {
                    "pos": [
                        1.5,
                        2.8
                    ]
                }
            ],
            "M": [
                {
                    "pos": [
                        0.2,
                        2.5
                    ]
                },
                {
                    "pos": [
                        3.8,
                        2.5
                    ]
                },
                {
                    "pos": [
                        2.0,
                        0.2
                    ]
                },
                {
                    "pos": [
                        2.0,
                        4.8
                    ]
                }
            ],
            "I": [
                {
                    "pos": [
                        0.2,
                        2.0
                    ]
                },
                {
                    "pos": [
                        2.8,
                        2.0
                    ]
                },
                {
                    "pos": [
                        1.5,
                        0.2
                    ]
                },
                {
                    "pos": [
                        1.5,
                        3.8
                    ]
                }
            ]
        },
        "relay_chiplets": [
            "C",
            "M",
            "I"
        ],
        "dist_type": "euclidean",
        "max_length": 3,
        "L_relay": 10,
        "L_phy": 12,
        "L_link": 1,
        "debug_info": false,
        "debug_frac_sa": 0.05,
        "debug_frac_ga": 0.5,
        "cf_weights": {
            "c2c_lat": 0.1,
            "c2c_tp": 0.1,
            "c2m_lat": 2,
            "c2m_tp": 2,
            "c2i_lat": 0.1,
            "c2i_tp": 0.1,
            "m2i_lat": 2,
            "m2i_tp": 2,
            "area": 2
        },
        "mutation_bias": 0.5,
        "sa_cooling": "lin-mult",
        "sa_adaptive": true,
        "sa_T0": 33,
        "sa_L": 50,
        "sa_a": 1,
        "sa_b": 5,
        "ga_P": 30,
        "ga_E": 6,
        "ga_T": 6,
        "ga_pm": 0.5,
        "ga_sel_fun": "tournament",
        "eval_traces": [
            "blackscholes_64c_simsmall"
        ],
        "experiment": "32cores_hetero",
        "rotation_behaviour": {
            "C": "invariant",
            "M": "hybrid",
            "I": "hybrid"
        },
        "cf_normalizers": {
            "c2c_lat": 134.0106048387096,
            "c2c_tp": 0.17996413931017996,
            "c2m_lat": 131.262734375,
            "c2m_tp": 0.06993280864353875,
            "c2i_lat": 134.069296875,
            "c2i_tp": 0.07577371438540717,
            "m2i_lat": 131.68875,
            "m2i_tp": 0.3530196428571431,
            "area": 515.138
        }
    },
    "n_generated": 15757
}