{
    "best_inst": {
        "typ": "heterogeneous",
        "sub_instance": {
            "types": [
                "C",
                "C",
                "C",
                "C",
                "C",
                "I",
                "C",
                "C",
                "M",
                "C",
                "M",
                "C",
                "C",
                "I",
                "C",
                "C",
                "C",
                "I",
                "C",
                "C",
                "M",
                "C",
                "C",
                "I",
                "C",
                "C",
                "C",
                "M",
                "C",
                "C",
                "C",
                "C",
                "C",
                "C",
                "C",
                "C",
                "C",
                "C",
                "C",
                "C"
            ],
            "rotations": [
                0,
                0,
                0,
                0,
                0,
                0,
                0,
                0,
                0,
                0,
                90,
                0,
                0,
                0,
                0,
                0,
                0,
                90,
                0,
                0,
                0,
                0,
                0,
                90,
                0,
                0,
                0,
                0,
                0,
                0,
                0,
                0,
                0,
                0,
                0,
                0,
                0,
                0,
                0,
                0
            ],
            "cost": 7.739668913596342,
            "eval": {
                "c2c_lat": 146.37096774193554,
                "c2c_tp": 0.1726362238285594,
                "c2m_lat": 115.234375,
                "c2m_tp": 0.08895052430208679,
                "c2i_lat": 116.6015625,
                "c2i_tp": 0.09009081196581196,
                "m2i_lat": 68.75,
                "m2i_tp": 0.59375,
                "area": 462
            }
        }
    },
    "updates": [
        [
            15.768373898026766,
            8.953685657769029
        ],
        [
            33.22648303801543,
            8.868855677953363
        ],
        [
            41.715998200001195,
            8.657723157639126
        ],
        [
            67.57469710501027,
            8.583267694610416
        ],
        [
            76.07552819201373,
            8.499018410232122
        ],
        [
            102.04789585000253,
            8.488871336497636
        ],
        [
            136.04567102200235,
            8.469782679287553
        ],
        [
            162.48904018802568,
            8.238516013473742
        ],
        [
            232.1278102620272,
            8.147160584887674
        ],
        [
            303.7597410600283,
            8.104673517404358
        ],
        [
            373.5925098180014,
            8.09697265913057
        ],
        [
            405.41444391102414,
            8.084105988904769
        ],
        [
            416.0182865940151,
            8.062777414681698
        ],
        [
            449.1141879230272,
            7.979820435632259
        ],
        [
            524.4656206750078,
            7.84887296691152
        ],
        [
            691.779388415016,
            7.824504813400809
        ],
        [
            898.007186628005,
            7.805299787924321
        ],
        [
            1183.1341219430033,
            7.7399561392041925
        ],
        [
            1869.268157322018,
            7.739668913596342
        ]
    ],
    "parameters": {
        "algorithms": [
            "bl",
            "br",
            "ga",
            "sa"
        ],
        "representation": "heterogeneous",
        "time_budget": 3600,
        "repetitions": 10,
        "norm_samples": 500,
        "mutation_mode": "any-one",
        "n_compute": 32,
        "n_memory": 4,
        "n_io": 4,
        "dimensions": {
            "C": [
                3,
                3
            ],
            "M": [
                4,
                5
            ],
            "I": [
                3,
                4
            ]
        },
        "phys": {
            "C": [
                {
                    "pos": [
                        0.2,
                        1.5
                    ]
                },
                {
                    "pos": [
                        2.8,
                        1.5
                    ]
                },
                {
                    "pos": [
                        1.5,
                        0.2
                    ]
                },
                {
                    "pos": [
                        1.5,
                        2.8
                    ]
                }
            ],
            "M": [
                {
                    "pos": [
                        0.2,
                        2.5
                    ]
                },
                {
                    "pos": [
                        3.8,
                        2.5
                    ]
                },
                {
                    "pos": [
                        2.0,
                        0.2
                    ]
                },
                {
                    "pos": [
                        2.0,
                        4.8
                    ]
                }
            ],
            "I": [
                {
                    "pos": [
                        0.2,
                        2.0
                    ]
                },
                {
                    "pos": [
                        2.8,
                        2.0
                    ]
                },
                {
                    "pos": [
                        1.5,
                        0.2
                    ]
                },
                {
                    "pos": [
                        1.5,
                        3.8
                    ]
                }
            ]
        },
        "relay_chiplets": [
            "C",
            "M",
            "I"
        ],
        "dist_type": "euclidean",
        "max_length": 3,
        "L_relay": 10,
        "L_phy": 12,
        "L_link": 1,
        "debug_info": false,
        "debug_frac_sa": 0.05,
        "debug_frac_ga": 0.5,
        "cf_weights": {
            "c2c_lat": 0.1,
            "c2c_tp": 0.1,
            "c2m_lat": 2,
            "c2m_tp": 2,
            "c2i_lat": 0.1,
            "c2i_tp": 0.1,
            "m2i_lat": 2,
            "m2i_tp": 2,
            "area": 2
        },
        "mutation_bias": 0.5,
        "sa_cooling": "lin-mult",
        "sa_adaptive": true,
        "sa_T0": 33,
        "sa_L": 50,
        "sa_a": 1,
        "sa_b": 5,
        "ga_P": 30,
        "ga_E": 6,
        "ga_T": 6,
        "ga_pm": 0.5,
        "ga_sel_fun": "tournament",
        "eval_traces": [
            "blackscholes_64c_simsmall"
        ],
        "experiment": "32cores_hetero",
        "rotation_behaviour": {
            "C": "invariant",
            "M": "hybrid",
            "I": "hybrid"
        },
        "cf_normalizers": {
            "c2c_lat": 134.0106048387096,
            "c2c_tp": 0.17996413931017996,
            "c2m_lat": 131.262734375,
            "c2m_tp": 0.06993280864353875,
            "c2i_lat": 134.069296875,
            "c2i_tp": 0.07577371438540717,
            "m2i_lat": 131.68875,
            "m2i_tp": 0.3530196428571431,
            "area": 515.138
        }
    },
    "n_epochs": 328
}