{
    "best_inst": {
        "typ": "heterogeneous",
        "sub_instance": {
            "types": [
                "C",
                "C",
                "C",
                "I",
                "C",
                "C",
                "M",
                "M",
                "C",
                "C",
                "M",
                "I",
                "C",
                "I",
                "C",
                "C",
                "C",
                "C",
                "M",
                "C",
                "I",
                "C",
                "C",
                "C",
                "C",
                "C",
                "C",
                "C",
                "C",
                "C",
                "C",
                "C",
                "C",
                "C",
                "C",
                "C",
                "C",
                "C",
                "C",
                "C"
            ],
            "rotations": [
                0,
                0,
                0,
                0,
                0,
                0,
                0,
                0,
                0,
                0,
                90,
                0,
                0,
                0,
                0,
                0,
                0,
                0,
                0,
                0,
                90,
                0,
                0,
                0,
                0,
                0,
                0,
                0,
                0,
                0,
                0,
                0,
                0,
                0,
                0,
                0,
                0,
                0,
                0,
                0
            ],
            "cost": 7.935018079280367,
            "eval": {
                "c2c_lat": 145.59475806451616,
                "c2c_tp": 0.17110786310944337,
                "c2m_lat": 120.9765625,
                "c2m_tp": 0.08947876125610497,
                "c2i_lat": 113.59375,
                "c2i_tp": 0.07296066563644688,
                "m2i_lat": 70.9375,
                "m2i_tp": 0.5625,
                "area": 462
            }
        }
    },
    "updates": [
        [
            14.440614157996606,
            8.944717863106838
        ],
        [
            14.440614157996606,
            8.78414086079439
        ],
        [
            59.42261237799539,
            8.753931241325624
        ],
        [
            67.68696477697813,
            8.705098468608107
        ],
        [
            77.31146181299118,
            8.611676451352364
        ],
        [
            93.55119375998038,
            8.52582989512646
        ],
        [
            110.00109004997648,
            8.486771442864052
        ],
        [
            119.38065497999196,
            8.464579724501721
        ],
        [
            128.0454971739964,
            8.460451360469069
        ],
        [
            146.37938632298028,
            8.435589819485937
        ],
        [
            146.37938632298028,
            8.216229243895675
        ],
        [
            185.92224352998892,
            8.110777958939503
        ],
        [
            207.02350590497372,
            8.089669670852444
        ],
        [
            220.5446800229838,
            8.08708833711773
        ],
        [
            360.42183615698013,
            8.08600068756909
        ],
        [
            372.6401756879932,
            7.948534922077176
        ],
        [
            612.783168694994,
            7.94043968316603
        ],
        [
            625.9308524279913,
            7.935018079280367
        ]
    ],
    "parameters": {
        "algorithms": [
            "bl",
            "br",
            "ga",
            "sa"
        ],
        "representation": "heterogeneous",
        "time_budget": 3600,
        "repetitions": 10,
        "norm_samples": 500,
        "mutation_mode": "any-one",
        "n_compute": 32,
        "n_memory": 4,
        "n_io": 4,
        "dimensions": {
            "C": [
                3,
                3
            ],
            "M": [
                4,
                5
            ],
            "I": [
                3,
                4
            ]
        },
        "phys": {
            "C": [
                {
                    "pos": [
                        0.2,
                        1.5
                    ]
                },
                {
                    "pos": [
                        2.8,
                        1.5
                    ]
                },
                {
                    "pos": [
                        1.5,
                        0.2
                    ]
                },
                {
                    "pos": [
                        1.5,
                        2.8
                    ]
                }
            ],
            "M": [
                {
                    "pos": [
                        0.2,
                        2.5
                    ]
                },
                {
                    "pos": [
                        3.8,
                        2.5
                    ]
                },
                {
                    "pos": [
                        2.0,
                        0.2
                    ]
                },
                {
                    "pos": [
                        2.0,
                        4.8
                    ]
                }
            ],
            "I": [
                {
                    "pos": [
                        0.2,
                        2.0
                    ]
                },
                {
                    "pos": [
                        2.8,
                        2.0
                    ]
                },
                {
                    "pos": [
                        1.5,
                        0.2
                    ]
                },
                {
                    "pos": [
                        1.5,
                        3.8
                    ]
                }
            ]
        },
        "relay_chiplets": [
            "C",
            "M",
            "I"
        ],
        "dist_type": "euclidean",
        "max_length": 3,
        "L_relay": 10,
        "L_phy": 12,
        "L_link": 1,
        "debug_info": false,
        "debug_frac_sa": 0.05,
        "debug_frac_ga": 0.5,
        "cf_weights": {
            "c2c_lat": 0.1,
            "c2c_tp": 0.1,
            "c2m_lat": 2,
            "c2m_tp": 2,
            "c2i_lat": 0.1,
            "c2i_tp": 0.1,
            "m2i_lat": 2,
            "m2i_tp": 2,
            "area": 2
        },
        "mutation_bias": 0.5,
        "sa_cooling": "lin-mult",
        "sa_adaptive": true,
        "sa_T0": 33,
        "sa_L": 50,
        "sa_a": 1,
        "sa_b": 5,
        "ga_P": 30,
        "ga_E": 6,
        "ga_T": 6,
        "ga_pm": 0.5,
        "ga_sel_fun": "tournament",
        "eval_traces": [
            "blackscholes_64c_simsmall"
        ],
        "experiment": "32cores_hetero",
        "rotation_behaviour": {
            "C": "invariant",
            "M": "hybrid",
            "I": "hybrid"
        },
        "cf_normalizers": {
            "c2c_lat": 134.0106048387096,
            "c2c_tp": 0.17996413931017996,
            "c2m_lat": 131.262734375,
            "c2m_tp": 0.06993280864353875,
            "c2i_lat": 134.069296875,
            "c2i_tp": 0.07577371438540717,
            "m2i_lat": 131.68875,
            "m2i_tp": 0.3530196428571431,
            "area": 515.138
        }
    },
    "n_epochs": 299
}