{
    "best_inst": {
        "typ": "heterogeneous",
        "sub_instance": {
            "types": [
                "C",
                "C",
                "C",
                "C",
                "C",
                "C",
                "C",
                "M",
                "C",
                "C",
                "C",
                "C",
                "I",
                "I",
                "M",
                "I",
                "M",
                "C",
                "M",
                "C",
                "C",
                "I",
                "C",
                "C",
                "C",
                "C",
                "C",
                "C",
                "C",
                "C",
                "C",
                "C",
                "C",
                "C",
                "C",
                "C",
                "C",
                "C",
                "C",
                "C"
            ],
            "rotations": [
                0,
                0,
                0,
                0,
                0,
                0,
                0,
                90,
                0,
                0,
                0,
                0,
                0,
                0,
                0,
                0,
                0,
                0,
                0,
                0,
                0,
                0,
                0,
                0,
                0,
                0,
                0,
                0,
                0,
                0,
                0,
                0,
                0,
                0,
                0,
                0,
                0,
                0,
                0,
                0
            ],
            "cost": 7.789867290350941,
            "eval": {
                "c2c_lat": 148.91129032258064,
                "c2c_tp": 0.16425639109655443,
                "c2m_lat": 115.78125,
                "c2m_tp": 0.08549445346320346,
                "c2i_lat": 112.5,
                "c2i_tp": 0.07611005339635854,
                "m2i_lat": 62.1875,
                "m2i_tp": 0.53125,
                "area": 441
            }
        }
    },
    "updates": [
        [
            16.22461546800332,
            9.174644478707316
        ],
        [
            25.836534103989834,
            9.071831819127476
        ],
        [
            34.554700946988305,
            9.062775070639885
        ],
        [
            42.32923532000859,
            8.966755035256261
        ],
        [
            59.316565621993504,
            8.760194635374894
        ],
        [
            75.31373656098731,
            8.601821269904109
        ],
        [
            140.85266236099415,
            8.339913578038981
        ],
        [
            171.01172948200838,
            8.305495328330974
        ],
        [
            193.2468937909871,
            8.29012525564254
        ],
        [
            329.4452719260007,
            8.264397404971588
        ],
        [
            407.8388793990016,
            8.260164314941461
        ],
        [
            417.8626867700077,
            8.209669536522997
        ],
        [
            417.8626867700077,
            8.184636743079068
        ],
        [
            451.1632815169869,
            8.146288460581237
        ],
        [
            475.37723593998817,
            8.139942388130747
        ],
        [
            513.4927861919859,
            8.121772401748153
        ],
        [
            774.7951843359915,
            8.098262795521363
        ],
        [
            809.9969227580004,
            8.064411968177959
        ],
        [
            1807.7946815780015,
            8.011390297955565
        ],
        [
            2129.775246903999,
            7.914268377066566
        ],
        [
            2584.0844686359924,
            7.859916162759717
        ],
        [
            3006.0149708059907,
            7.789867290350941
        ]
    ],
    "parameters": {
        "algorithms": [
            "bl",
            "br",
            "ga",
            "sa"
        ],
        "representation": "heterogeneous",
        "time_budget": 3600,
        "repetitions": 10,
        "norm_samples": 500,
        "mutation_mode": "any-one",
        "n_compute": 32,
        "n_memory": 4,
        "n_io": 4,
        "dimensions": {
            "C": [
                3,
                3
            ],
            "M": [
                4,
                5
            ],
            "I": [
                3,
                4
            ]
        },
        "phys": {
            "C": [
                {
                    "pos": [
                        0.2,
                        1.5
                    ]
                },
                {
                    "pos": [
                        2.8,
                        1.5
                    ]
                },
                {
                    "pos": [
                        1.5,
                        0.2
                    ]
                },
                {
                    "pos": [
                        1.5,
                        2.8
                    ]
                }
            ],
            "M": [
                {
                    "pos": [
                        0.2,
                        2.5
                    ]
                },
                {
                    "pos": [
                        3.8,
                        2.5
                    ]
                },
                {
                    "pos": [
                        2.0,
                        0.2
                    ]
                },
                {
                    "pos": [
                        2.0,
                        4.8
                    ]
                }
            ],
            "I": [
                {
                    "pos": [
                        0.2,
                        2.0
                    ]
                },
                {
                    "pos": [
                        2.8,
                        2.0
                    ]
                },
                {
                    "pos": [
                        1.5,
                        0.2
                    ]
                },
                {
                    "pos": [
                        1.5,
                        3.8
                    ]
                }
            ]
        },
        "relay_chiplets": [
            "C",
            "M",
            "I"
        ],
        "dist_type": "euclidean",
        "max_length": 3,
        "L_relay": 10,
        "L_phy": 12,
        "L_link": 1,
        "debug_info": false,
        "debug_frac_sa": 0.05,
        "debug_frac_ga": 0.5,
        "cf_weights": {
            "c2c_lat": 0.1,
            "c2c_tp": 0.1,
            "c2m_lat": 2,
            "c2m_tp": 2,
            "c2i_lat": 0.1,
            "c2i_tp": 0.1,
            "m2i_lat": 2,
            "m2i_tp": 2,
            "area": 2
        },
        "mutation_bias": 0.5,
        "sa_cooling": "lin-mult",
        "sa_adaptive": true,
        "sa_T0": 33,
        "sa_L": 50,
        "sa_a": 1,
        "sa_b": 5,
        "ga_P": 30,
        "ga_E": 6,
        "ga_T": 6,
        "ga_pm": 0.5,
        "ga_sel_fun": "tournament",
        "eval_traces": [
            "blackscholes_64c_simsmall"
        ],
        "experiment": "32cores_hetero",
        "rotation_behaviour": {
            "C": "invariant",
            "M": "hybrid",
            "I": "hybrid"
        },
        "cf_normalizers": {
            "c2c_lat": 134.0106048387096,
            "c2c_tp": 0.17996413931017996,
            "c2m_lat": 131.262734375,
            "c2m_tp": 0.06993280864353875,
            "c2i_lat": 134.069296875,
            "c2i_tp": 0.07577371438540717,
            "m2i_lat": 131.68875,
            "m2i_tp": 0.3530196428571431,