{
    "best_inst": {
        "typ": "heterogeneous",
        "sub_instance": {
            "types": [
                "C",
                "C",
                "C",
                "C",
                "C",
                "M",
                "C",
                "M",
                "C",
                "C",
                "C",
                "I",
                "I",
                "I",
                "M",
                "C",
                "C",
                "C",
                "C",
                "M",
                "C",
                "C",
                "C",
                "C",
                "I",
                "C",
                "C",
                "C",
                "C",
                "C",
                "C",
                "C",
                "C",
                "C",
                "C",
                "C",
                "C",
                "C",
                "C",
                "C"
            ],
            "rotations": [
                0,
                0,
                0,
                0,
                0,
                90,
                0,
                0,
                0,
                0,
                0,
                0,
                0,
                0,
                90,
                0,
                0,
                0,
                0,
                90,
                0,
                0,
                0,
                0,
                0,
                0,
                0,
                0,
                0,
                0,
                0,
                0,
                0,
                0,
                0,
                0,
                0,
                0,
                0,
                0
            ],
            "cost": 7.709408574928624,
            "eval": {
                "c2c_lat": 147.42943548387095,
                "c2c_tp": 0.17504666250632198,
                "c2m_lat": 115.234375,
                "c2m_tp": 0.08709866522366523,
                "c2i_lat": 113.59375,
                "c2i_tp": 0.07745485850954602,
                "m2i_lat": 60.0,
                "m2i_tp": 0.53125,
                "area": 441
            }
        }
    },
    "updates": [
        [
            15.519370922003873,
            9.444334426973201
        ],
        [
            15.519370922003873,
            9.280897752892589
        ],
        [
            15.519370922003873,
            8.961033170271643
        ],
        [
            33.32857710705139,
            8.898694139921178
        ],
        [
            42.23398676904617,
            8.784791528408988
        ],
        [
            51.59792543301592,
            8.771877090981768
        ],
        [
            59.62335547700059,
            8.726699788592628
        ],
        [
            75.16276854800526,
            8.710237316294423
        ],
        [
            84.5203077979968,
            8.660038891358928
        ],
        [
            93.22562936501345,
            8.586623106154857
        ],
        [
            93.22562936501345,
            8.212963662818431
        ],
        [
            110.40276293002535,
            8.175756487430782
        ],
        [
            120.02585697500035,
            7.9799786290270145
        ],
        [
            161.69774414901622,
            7.912672044687049
        ],
        [
            161.69774414901622,
            7.902829737904954
        ],
        [
            190.22949863201939,
            7.881540419158888
        ],
        [
            199.90384848200483,
            7.788394340210791
        ],
        [
            285.3495095570106,
            7.782315327035377
        ],
        [
            308.5322194590117,
            7.730878998898973
        ],
        [
            569.2295825510519,
            7.709408574928624
        ]
    ],
    "parameters": {
        "algorithms": [
            "bl",
            "br",
            "ga",
            "sa"
        ],
        "representation": "heterogeneous",
        "time_budget": 3600,
        "repetitions": 10,
        "norm_samples": 500,
        "mutation_mode": "any-one",
        "n_compute": 32,
        "n_memory": 4,
        "n_io": 4,
        "dimensions": {
            "C": [
                3,
                3
            ],
            "M": [
                4,
                5
            ],
            "I": [
                3,
                4
            ]
        },
        "phys": {
            "C": [
                {
                    "pos": [
                        0.2,
                        1.5
                    ]
                },
                {
                    "pos": [
                        2.8,
                        1.5
                    ]
                },
                {
                    "pos": [
                        1.5,
                        0.2
                    ]
                },
                {
                    "pos": [
                        1.5,
                        2.8
                    ]
                }
            ],
            "M": [
                {
                    "pos": [
                        0.2,
                        2.5
                    ]
                },
                {
                    "pos": [
                        3.8,
                        2.5
                    ]
                },
                {
                    "pos": [
                        2.0,
                        0.2
                    ]
                },
                {
                    "pos": [
                        2.0,
                        4.8
                    ]
                }
            ],
            "I": [
                {
                    "pos": [
                        0.2,
                        2.0
                    ]
                },
                {
                    "pos": [
                        2.8,
                        2.0
                    ]
                },
                {
                    "pos": [
                        1.5,
                        0.2
                    ]
                },
                {
                    "pos": [
                        1.5,
                        3.8
                    ]
                }
            ]
        },
        "relay_chiplets": [
            "C",
            "M",
            "I"
        ],
        "dist_type": "euclidean",
        "max_length": 3,
        "L_relay": 10,
        "L_phy": 12,
        "L_link": 1,
        "debug_info": false,
        "debug_frac_sa": 0.05,
        "debug_frac_ga": 0.5,
        "cf_weights": {
            "c2c_lat": 0.1,
            "c2c_tp": 0.1,
            "c2m_lat": 2,
            "c2m_tp": 2,
            "c2i_lat": 0.1,
            "c2i_tp": 0.1,
            "m2i_lat": 2,
            "m2i_tp": 2,
            "area": 2
        },
        "mutation_bias": 0.5,
        "sa_cooling": "lin-mult",
        "sa_adaptive": true,
        "sa_T0": 33,
        "sa_L": 50,
        "sa_a": 1,
        "sa_b": 5,
        "ga_P": 30,
        "ga_E": 6,
        "ga_T": 6,
        "ga_pm": 0.5,
        "ga_sel_fun": "tournament",
        "eval_traces": [
            "blackscholes_64c_simsmall"
        ],
        "experiment": "32cores_hetero",
        "rotation_behaviour": {
            "C": "invariant",
            "M": "hybrid",
            "I": "hybrid"
        },
        "cf_normalizers": {
            "c2c_lat": 134.0106048387096,
            "c2c_tp": 0.17996413931017996,
            "c2m_lat": 131.262734375,
            "c2m_tp": 0.06993280864353875,
            "c2i_lat": 134.069296875,
            "c2i_tp": 0.07577371438540717,
            "m2i_lat": 131.68875,
            "m2i_tp": 0.3530196428571431,
            "area": 515.138
        }
    },
    "n_epochs": 308
}