{
    "best_inst": {
        "typ": "heterogeneous",
        "sub_instance": {
            "types": [
                "C",
                "C",
                "C",
                "C",
                "C",
                "I",
                "C",
                "M",
                "C",
                "M",
                "C",
                "C",
                "I",
                "I",
                "C",
                "I",
                "C",
                "C",
                "C",
                "M",
                "C",
                "C",
                "C",
                "M",
                "C",
                "C",
                "C",
                "C",
                "C",
                "C",
                "C",
                "C",
                "C",
                "C",
                "C",
                "C",
                "C",
                "C",
                "C",
                "C"
            ],
            "rotations": [
                0,
                0,
                0,
                0,
                0,
                0,
                0,
                0,
                0,
                90,
                0,
                0,
                0,
                0,
                0,
                90,
                0,
                0,
                0,
                0,
                0,
                0,
                0,
                0,
                0,
                0,
                0,
                0,
                0,
                0,
                0,
                0,
                0,
                0,
                0,
                0,
                0,
                0,
                0,
                0
            ],
            "cost": 7.777155752680281,
            "eval": {
                "c2c_lat": 144.95967741935485,
                "c2c_tp": 0.17995976156032775,
                "c2m_lat": 122.34375,
                "c2m_tp": 0.09112103174603177,
                "c2i_lat": 115.234375,
                "c2i_tp": 0.08779720713314464,
                "m2i_lat": 77.5,
                "m2i_tp": 0.6875,
                "area": 462
            }
        }
    },
    "updates": [
        [
            14.672371344990097,
            9.394673977898432
        ],
        [
            14.672371344990097,
            9.11933953292121
        ],
        [
            23.19794948695926,
            9.082402327923898
        ],
        [
            31.429217338969465,
            9.063442799516551
        ],
        [
            31.429217338969465,
            9.030782654123847
        ],
        [
            40.82452609500615,
            8.945368648556407
        ],
        [
            49.75458847801201,
            8.734421318164841
        ],
        [
            66.97341329796473,
            8.478122288983094
        ],
        [
            113.51121824898291,
            8.312780792350184
        ],
        [
            206.9814225260052,
            8.22210617420117
        ],
        [
            340.32287621998694,
            8.196633355942035
        ],
        [
            366.8164221989573,
            8.19275028451663
        ],
        [
            419.0125095130061,
            8.174911980402593
        ],
        [
            508.3788226660108,
            8.119190645686475
        ],
        [
            561.87649272196,
            7.948511164884813
        ],
        [
            730.457927314972,
            7.928237638130497
        ],
        [
            1009.66343915998,
            7.92812188499733
        ],
        [
            1040.861127723998,
            7.927316555281241
        ],
        [
            1307.9987458260148,
            7.8281272402564746
        ],
        [
            1350.7061028240132,
            7.822830528412352
        ],
        [
            1462.1323923050077,
            7.816631431893066
        ],
        [
            1523.430114666,
            7.81020859221654
        ],
        [
            1534.8594283179846,
            7.777155752680281
        ]
    ],
    "parameters": {
        "algorithms": [
            "bl",
            "br",
            "ga",
            "sa"
        ],
        "representation": "heterogeneous",
        "time_budget": 3600,
        "repetitions": 10,
        "norm_samples": 500,
        "mutation_mode": "any-one",
        "n_compute": 32,
        "n_memory": 4,
        "n_io": 4,
        "dimensions": {
            "C": [
                3,
                3
            ],
            "M": [
                4,
                5
            ],
            "I": [
                3,
                4
            ]
        },
        "phys": {
            "C": [
                {
                    "pos": [
                        0.2,
                        1.5
                    ]
                },
                {
                    "pos": [
                        2.8,
                        1.5
                    ]
                },
                {
                    "pos": [
                        1.5,
                        0.2
                    ]
                },
                {
                    "pos": [
                        1.5,
                        2.8
                    ]
                }
            ],
            "M": [
                {
                    "pos": [
                        0.2,
                        2.5
                    ]
                },
                {
                    "pos": [
                        3.8,
                        2.5
                    ]
                },
                {
                    "pos": [
                        2.0,
                        0.2
                    ]
                },
                {
                    "pos": [
                        2.0,
                        4.8
                    ]
                }
            ],
            "I": [
                {
                    "pos": [
                        0.2,
                        2.0
                    ]
                },
                {
                    "pos": [
                        2.8,
                        2.0
                    ]
                },
                {
                    "pos": [
                        1.5,
                        0.2
                    ]
                },
                {
                    "pos": [
                        1.5,
                        3.8
                    ]
                }
            ]
        },
        "relay_chiplets": [
            "C",
            "M",
            "I"
        ],
        "dist_type": "euclidean",
        "max_length": 3,
        "L_relay": 10,
        "L_phy": 12,
        "L_link": 1,
        "debug_info": false,
        "debug_frac_sa": 0.05,
        "debug_frac_ga": 0.5,
        "cf_weights": {
            "c2c_lat": 0.1,
            "c2c_tp": 0.1,
            "c2m_lat": 2,
            "c2m_tp": 2,
            "c2i_lat": 0.1,
            "c2i_tp": 0.1,
            "m2i_lat": 2,
            "m2i_tp": 2,
            "area": 2
        },
        "mutation_bias": 0.5,
        "sa_cooling": "lin-mult",
        "sa_adaptive": true,
        "sa_T0": 33,
        "sa_L": 50,
        "sa_a": 1,
        "sa_b": 5,
        "ga_P": 30,
        "ga_E": 6,
        "ga_T": 6,
        "ga_pm": 0.5,
        "ga_sel_fun": "tournament",
        "eval_traces": [
            "blackscholes_64c_simsmall"
        ],
        "experiment": "32cores_hetero",
        "rotation_behaviour": {
            "C": "invariant",
            "M": "hybrid",
            "I": "hybrid"
        },
        "cf_normalizers": {
            "c2c_lat": 134.0106048387096,
            "c2c_tp": 0.17996413931017996,
            "c2m_lat": 131.262734375,
            "c2m_tp": 0.06993280864353875,
            "c2i_lat": 134.069296875,
            "c2i_tp": 0.07577371438540717,
            "m2i_lat": 131.68875,