{
    "best_inst": {
        "typ": "heterogeneous",
        "sub_instance": {
            "types": [
                "C",
                "C",
                "C",
                "C",
                "C",
                "I",
                "C",
                "C",
                "M",
                "C",
                "C",
                "M",
                "M",
                "I",
                "C",
                "I",
                "C",
                "C",
                "C",
                "M",
                "I",
                "C",
                "C",
                "C",
                "C",
                "C",
                "C",
                "C",
                "C",
                "C",
                "C",
                "C",
                "C",
                "C",
                "C",
                "C",
                "C",
                "C",
                "C",
                "C"
            ],
            "rotations": [
                0,
                0,
                0,
                0,
                0,
                90,
                0,
                0,
                90,
                0,
                0,
                0,
                90,
                90,
                0,
                90,
                0,
                0,
                0,
                90,
                0,
                0,
                0,
                0,
                0,
                0,
                0,
                0,
                0,
                0,
                0,
                0,
                0,
                0,
                0,
                0,
                0,
                0,
                0,
                0
            ],
            "cost": 7.661052888893806,
            "eval": {
                "c2c_lat": 148.55846774193552,
                "c2c_tp": 0.17489048503350638,
                "c2m_lat": 116.328125,
                "c2m_tp": 0.09109256628787876,
                "c2i_lat": 114.140625,
                "c2i_tp": 0.08078783195970694,
                "m2i_lat": 64.375,
                "m2i_tp": 0.59375,
                "area": 462
            }
        }
    },
    "updates": [
        [
            15.256107032997534,
            8.97759924928688
        ],
        [
            23.286194564949255,
            8.955859794380812
        ],
        [
            32.1877832239843,
            8.67505678330534
        ],
        [
            76.5018166359514,
            8.665594293353259
        ],
        [
            95.07119023695122,
            8.402949329989134
        ],
        [
            122.38252788496902,
            8.364294959636336
        ],
        [
            140.07274182199035,
            8.31675139618316
        ],
        [
            228.1336738059763,
            8.229773799370241
        ],
        [
            235.77496294298908,
            8.120828638556466
        ],
        [
            263.5534764640033,
            8.034827828255073
        ],
        [
            303.2954154969775,
            7.995781432129448
        ],
        [
            1207.6192001609597,
            7.99326434743945
        ],
        [
            1236.7548584809992,
            7.940296539515002
        ],
        [
            1512.690670234966,
            7.784968357090212
        ],
        [
            1624.541416995984,
            7.7473882778054595
        ],
        [
            1775.102406639955,
            7.732285389484452
        ],
        [
            2244.575913089968,
            7.673376826280771
        ],
        [
            2437.940389422991,
            7.661052888893806
        ]
    ],
    "parameters": {
        "algorithms": [
            "bl",
            "br",
            "ga",
            "sa"
        ],
        "representation": "heterogeneous",
        "time_budget": 3600,
        "repetitions": 10,
        "norm_samples": 500,
        "mutation_mode": "any-one",
        "n_compute": 32,
        "n_memory": 4,
        "n_io": 4,
        "dimensions": {
            "C": [
                3,
                3
            ],
            "M": [
                4,
                5
            ],
            "I": [
                3,
                4
            ]
        },
        "phys": {
            "C": [
                {
                    "pos": [
                        0.2,
                        1.5
                    ]
                },
                {
                    "pos": [
                        2.8,
                        1.5
                    ]
                },
                {
                    "pos": [
                        1.5,
                        0.2
                    ]
                },
                {
                    "pos": [
                        1.5,
                        2.8
                    ]
                }
            ],
            "M": [
                {
                    "pos": [
                        0.2,
                        2.5
                    ]
                },
                {
                    "pos": [
                        3.8,
                        2.5
                    ]
                },
                {
                    "pos": [
                        2.0,
                        0.2
                    ]
                },
                {
                    "pos": [
                        2.0,
                        4.8
                    ]
                }
            ],
            "I": [
                {
                    "pos": [
                        0.2,
                        2.0
                    ]
                },
                {
                    "pos": [
                        2.8,
                        2.0
                    ]
                },
                {
                    "pos": [
                        1.5,
                        0.2
                    ]
                },
                {
                    "pos": [
                        1.5,
                        3.8
                    ]
                }
            ]
        },
        "relay_chiplets": [
            "C",
            "M",
            "I"
        ],
        "dist_type": "euclidean",
        "max_length": 3,
        "L_relay": 10,
        "L_phy": 12,
        "L_link": 1,
        "debug_info": false,
        "debug_frac_sa": 0.05,
        "debug_frac_ga": 0.5,
        "cf_weights": {
            "c2c_lat": 0.1,
            "c2c_tp": 0.1,
            "c2m_lat": 2,
            "c2m_tp": 2,
            "c2i_lat": 0.1,
            "c2i_tp": 0.1,
            "m2i_lat": 2,
            "m2i_tp": 2,
            "area": 2
        },
        "mutation_bias": 0.5,
        "sa_cooling": "lin-mult",
        "sa_adaptive": true,
        "sa_T0": 33,
        "sa_L": 50,
        "sa_a": 1,
        "sa_b": 5,
        "ga_P": 30,
        "ga_E": 6,
        "ga_T": 6,
        "ga_pm": 0.5,
        "ga_sel_fun": "tournament",
        "eval_traces": [
            "blackscholes_64c_simsmall"
        ],
        "experiment": "32cores_hetero",
        "rotation_behaviour": {
            "C": "invariant",
            "M": "hybrid",
            "I": "hybrid"
        },
        "cf_normalizers": {
            "c2c_lat": 134.0106048387096,
            "c2c_tp": 0.17996413931017996,
            "c2m_lat": 131.262734375,
            "c2m_tp": 0.06993280864353875,
            "c2i_lat": 134.069296875,
            "c2i_tp": 0.07577371438540717,
            "m2i_lat": 131.68875,
            "m2i_tp": 0.3530196428571431,
            "area": 515.138
        }
    },
    "n_epochs": 355
}